:START_ID,:END_ID,:TYPE,amount,fraud_flag,velocity_flag,weight,connection_strength,first_seen_date,last_seen_date,event_time,interaction_count,shared_count
TXN-000003,CLM-687698,PAYMENT_FOR_CLAIM,34650.0,No,No,0.4331,0.3582,08/01/2015,05/01/2015,08/01/2015,2,1
TXN-000005,CLM-227811,PAYMENT_FOR_CLAIM,63400.0,No,Yes,0.7925,0.7881,09/01/2015,07/01/2015,09/01/2015,3,3
TXN-000008,CLM-104594,PAYMENT_FOR_CLAIM,64100.0,No,Yes,0.8012,0.6594,09/01/2015,06/01/2015,09/01/2015,2,1
TXN-000010,CLM-413978,PAYMENT_FOR_CLAIM,78650.0,No,No,0.9831,0.8966,03/01/2015,09/01/2015,03/01/2015,2,2
TXN-000012,CLM-429027,PAYMENT_FOR_CLAIM,51590.0,No,No,0.6449,0.6124,08/01/2015,09/01/2015,08/01/2015,1,1
TXN-000014,CLM-485665,PAYMENT_FOR_CLAIM,27700.0,No,No,0.3462,0.2889,04/01/2015,02/01/2015,04/01/2015,1,2
TXN-000017,CLM-543610,PAYMENT_FOR_CLAIM,87010.0,No,No,1.0,0.9906,08/01/2015,05/01/2015,08/01/2015,3,2
TXN-000019,CLM-214618,PAYMENT_FOR_CLAIM,114920.0,No,No,1.0,0.8664,07/01/2015,07/01/2015,07/01/2015,3,2
TXN-000021,CLM-842643,PAYMENT_FOR_CLAIM,56520.0,No,No,0.7065,0.6543,04/01/2015,09/01/2015,04/01/2015,2,3
TXN-000024,CLM-644081,PAYMENT_FOR_CLAIM,46200.0,No,Yes,0.5775,0.4721,01/01/2015,08/01/2015,01/01/2015,1,2
TXN-000026,CLM-892874,PAYMENT_FOR_CLAIM,63120.0,No,No,0.789,0.6755,08/01/2015,08/01/2015,08/01/2015,3,1
TXN-000028,CLM-558938,PAYMENT_FOR_CLAIM,52110.0,No,No,0.6514,0.549,08/01/2015,05/01/2015,08/01/2015,3,3
TXN-000030,CLM-275265,PAYMENT_FOR_CLAIM,77880.0,No,No,0.9735,0.8737,04/01/2015,03/01/2015,04/01/2015,2,3
TXN-000032,CLM-921202,PAYMENT_FOR_CLAIM,72930.0,No,No,0.9116,0.8063,09/01/2015,05/01/2015,09/01/2015,3,3
TXN-000036,CLM-431876,PAYMENT_FOR_CLAIM,37840.0,No,No,0.473,0.4163,04/01/2015,05/01/2015,04/01/2015,1,2
TXN-000040,CLM-736882,PAYMENT_FOR_CLAIM,77880.0,No,No,0.9735,0.8171,07/01/2015,04/01/2015,07/01/2015,1,1
TXN-000046,CLM-596785,PAYMENT_FOR_CLAIM,91650.0,No,No,1.0,0.9831,07/01/2015,02/01/2015,07/01/2015,2,1
TXN-000048,CLM-908616,PAYMENT_FOR_CLAIM,75600.0,No,No,0.945,0.8663,07/01/2015,04/01/2015,07/01/2015,3,1
TXN-000053,CLM-990493,PAYMENT_FOR_CLAIM,64800.0,No,No,0.81,0.7911,01/01/2015,07/01/2015,01/01/2015,2,1
TXN-000056,CLM-200152,PAYMENT_FOR_CLAIM,60200.0,No,Yes,0.7525,0.6551,08/01/2015,08/01/2015,08/01/2015,2,3
TXN-000059,CLM-485664,PAYMENT_FOR_CLAIM,62300.0,No,No,0.7788,0.7423,08/01/2015,06/01/2015,08/01/2015,2,1
TXN-000061,CLM-982871,PAYMENT_FOR_CLAIM,60170.0,No,Yes,0.7521,0.6863,09/01/2015,08/01/2015,09/01/2015,1,3
TXN-000063,CLM-206213,PAYMENT_FOR_CLAIM,40000.0,No,No,0.5,0.4622,06/01/2015,03/01/2015,06/01/2015,1,2
TXN-000072,CLM-866931,PAYMENT_FOR_CLAIM,7290.0,No,No,0.0911,0.0819,06/01/2015,07/01/2015,06/01/2015,2,3
TXN-000074,CLM-582011,PAYMENT_FOR_CLAIM,76600.0,No,No,0.9575,0.855,01/01/2015,07/01/2015,01/01/2015,2,1
TXN-000076,CLM-691189,PAYMENT_FOR_CLAIM,81800.0,No,No,1.0,0.8172,01/01/2015,09/01/2015,01/01/2015,2,1
TXN-000080,CLM-729634,PAYMENT_FOR_CLAIM,70510.0,No,No,0.8814,0.7895,05/01/2015,05/01/2015,05/01/2015,2,3
TXN-000083,CLM-420810,PAYMENT_FOR_CLAIM,78900.0,No,No,0.9862,0.9126,05/01/2015,01/01/2015,05/01/2015,2,2
TXN-000086,CLM-307195,PAYMENT_FOR_CLAIM,2400.0,No,No,0.03,0.0249,06/01/2015,06/01/2015,06/01/2015,1,2
TXN-000088,CLM-623648,PAYMENT_FOR_CLAIM,65790.0,No,No,0.8224,0.8002,01/01/2015,04/01/2015,01/01/2015,1,3
TXN-000092,CLM-303987,PAYMENT_FOR_CLAIM,44280.0,No,No,0.5535,0.4578,08/01/2015,07/01/2015,08/01/2015,1,1
TXN-000094,CLM-343161,PAYMENT_FOR_CLAIM,56300.0,No,No,0.7038,0.5692,03/01/2015,07/01/2015,03/01/2015,2,1
TXN-000097,CLM-132902,PAYMENT_FOR_CLAIM,59130.0,No,No,0.7391,0.6974,07/01/2015,08/01/2015,07/01/2015,2,3
TXN-000099,CLM-332867,PAYMENT_FOR_CLAIM,82320.0,No,Yes,1.0,0.8247,03/01/2015,09/01/2015,03/01/2015,3,1
TXN-000101,CLM-356590,PAYMENT_FOR_CLAIM,89700.0,No,Yes,1.0,0.9578,01/01/2015,04/01/2015,01/01/2015,2,2
TXN-000105,CLM-348209,PAYMENT_FOR_CLAIM,4300.0,No,No,0.0538,0.0441,02/01/2015,03/01/2015,02/01/2015,1,1
TXN-000107,CLM-486676,PAYMENT_FOR_CLAIM,68310.0,No,No,0.8539,0.7268,01/01/2015,01/01/2015,01/01/2015,2,3
TXN-000110,CLM-657045,PAYMENT_FOR_CLAIM,30100.0,No,No,0.3762,0.3389,08/01/2015,04/01/2015,08/01/2015,1,1
TXN-000112,CLM-761189,PAYMENT_FOR_CLAIM,57120.0,No,No,0.714,0.6294,04/01/2015,02/01/2015,04/01/2015,2,1
TXN-000114,CLM-175177,PAYMENT_FOR_CLAIM,42930.0,No,No,0.5366,0.4739,03/01/2015,07/01/2015,03/01/2015,3,2
TXN-000117,CLM-166264,PAYMENT_FOR_CLAIM,89400.0,No,No,1.0,0.8115,03/01/2015,02/01/2015,03/01/2015,2,3
TXN-000121,CLM-279422,PAYMENT_FOR_CLAIM,72200.0,No,No,0.9025,0.7549,07/01/2015,04/01/2015,07/01/2015,1,1
TXN-000125,CLM-694662,PAYMENT_FOR_CLAIM,7500.0,No,No,0.0938,0.0766,06/01/2015,02/01/2015,06/01/2015,1,1
TXN-000127,CLM-960680,PAYMENT_FOR_CLAIM,6490.0,No,No,0.0811,0.0728,03/01/2015,08/01/2015,03/01/2015,3,2
TXN-000132,CLM-614763,PAYMENT_FOR_CLAIM,64240.0,No,No,0.803,0.7365,08/01/2015,08/01/2015,08/01/2015,1,2
TXN-000135,CLM-958857,PAYMENT_FOR_CLAIM,45120.0,Yes,Yes,0.564,0.4633,09/01/2015,01/01/2015,09/01/2015,2,3
TXN-000141,CLM-307447,PAYMENT_FOR_CLAIM,93720.0,No,No,1.0,0.9734,03/01/2015,06/01/2015,03/01/2015,3,1
TXN-000143,CLM-992145,PAYMENT_FOR_CLAIM,6930.0,No,No,0.0866,0.0826,06/01/2015,04/01/2015,06/01/2015,1,2
TXN-000152,CLM-760179,PAYMENT_FOR_CLAIM,2970.0,No,No,0.0371,0.0353,05/01/2015,05/01/2015,05/01/2015,1,1
TXN-000154,CLM-939905,PAYMENT_FOR_CLAIM,93480.0,No,No,1.0,0.913,07/01/2015,01/01/2015,07/01/2015,3,1
TXN-000157,CLM-632627,PAYMENT_FOR_CLAIM,79800.0,No,Yes,0.9975,0.8773,04/01/2015,04/01/2015,04/01/2015,3,2
TXN-000159,CLM-283414,PAYMENT_FOR_CLAIM,74200.0,No,No,0.9275,0.7602,01/01/2015,09/01/2015,01/01/2015,2,3
TXN-000162,CLM-853360,PAYMENT_FOR_CLAIM,60940.0,No,No,0.7618,0.7157,06/01/2015,09/01/2015,06/01/2015,3,3
TXN-000164,CLM-776860,PAYMENT_FOR_CLAIM,74700.0,No,No,0.9338,0.8723,05/01/2015,04/01/2015,05/01/2015,2,3
TXN-000173,CLM-319232,PAYMENT_FOR_CLAIM,90000.0,No,No,1.0,0.9609,02/01/2015,04/01/2015,02/01/2015,3,1
TXN-000175,CLM-531640,PAYMENT_FOR_CLAIM,72820.0,No,No,0.9102,0.849,06/01/2015,04/01/2015,06/01/2015,1,1
TXN-000178,CLM-253791,PAYMENT_FOR_CLAIM,76560.0,No,Yes,0.957,0.7671,07/01/2015,02/01/2015,07/01/2015,3,2
TXN-000180,CLM-155724,PAYMENT_FOR_CLAIM,55440.0,No,No,0.693,0.6532,08/01/2015,06/01/2015,08/01/2015,1,1
TXN-000182,CLM-824540,PAYMENT_FOR_CLAIM,77130.0,No,No,0.9641,0.893,02/01/2015,02/01/2015,02/01/2015,3,3
TXN-000184,CLM-717392,PAYMENT_FOR_CLAIM,42000.0,No,No,0.525,0.4571,02/01/2015,09/01/2015,02/01/2015,1,3
TXN-000186,CLM-965768,PAYMENT_FOR_CLAIM,36300.0,No,No,0.4538,0.4261,08/01/2015,01/01/2015,08/01/2015,2,1
TXN-000188,CLM-414779,PAYMENT_FOR_CLAIM,40320.0,No,No,0.504,0.4939,08/01/2015,02/01/2015,08/01/2015,3,1
TXN-000191,CLM-517240,PAYMENT_FOR_CLAIM,63840.0,No,Yes,0.798,0.682,06/01/2015,07/01/2015,06/01/2015,3,1
TXN-000193,CLM-469874,PAYMENT_FOR_CLAIM,44730.0,No,Yes,0.5591,0.521,04/01/2015,07/01/2015,04/01/2015,3,2
TXN-000195,CLM-718428,PAYMENT_FOR_CLAIM,84720.0,No,No,1.0,0.8968,09/01/2015,05/01/2015,09/01/2015,1,2
TXN-000200,CLM-437573,PAYMENT_FOR_CLAIM,78120.0,No,No,0.9765,0.9127,08/01/2015,09/01/2015,08/01/2015,3,3
TXN-000202,CLM-964657,PAYMENT_FOR_CLAIM,69200.0,No,No,0.865,0.8029,03/01/2015,01/01/2015,03/01/2015,2,1
TXN-000204,CLM-932502,PAYMENT_FOR_CLAIM,3690.0,No,No,0.0461,0.045,05/01/2015,03/01/2015,05/01/2015,3,1
TXN-000211,CLM-139872,PAYMENT_FOR_CLAIM,8190.0,No,No,0.1024,0.0967,06/01/2015,04/01/2015,06/01/2015,2,2
TXN-000216,CLM-795686,PAYMENT_FOR_CLAIM,64000.0,No,No,0.8,0.7343,09/01/2015,07/01/2015,09/01/2015,3,1
TXN-000222,CLM-565157,PAYMENT_FOR_CLAIM,48060.0,No,No,0.6008,0.528,02/01/2015,03/01/2015,02/01/2015,3,1
TXN-000225,CLM-419510,PAYMENT_FOR_CLAIM,63240.0,No,No,0.7905,0.6877,09/01/2015,09/01/2015,09/01/2015,3,2
TXN-000227,CLM-575000,PAYMENT_FOR_CLAIM,54240.0,No,Yes,0.678,0.6318,08/01/2015,01/01/2015,08/01/2015,2,1
TXN-000229,CLM-120485,PAYMENT_FOR_CLAIM,37280.0,No,Yes,0.466,0.4305,01/01/2015,02/01/2015,01/01/2015,2,2
TXN-000234,CLM-854021,PAYMENT_FOR_CLAIM,6200.0,No,No,0.0775,0.0746,09/01/2015,04/01/2015,09/01/2015,3,2
TXN-000236,CLM-454086,PAYMENT_FOR_CLAIM,6160.0,No,No,0.077,0.0647,09/01/2015,09/01/2015,09/01/2015,2,3
TXN-000238,CLM-139484,PAYMENT_FOR_CLAIM,76050.0,No,No,0.9506,0.769,05/01/2015,09/01/2015,05/01/2015,1,2
TXN-000240,CLM-678849,PAYMENT_FOR_CLAIM,86060.0,No,No,1.0,0.9988,01/01/2015,06/01/2015,01/01/2015,1,1
TXN-000243,CLM-985436,PAYMENT_FOR_CLAIM,99990.0,No,No,1.0,0.823,08/01/2015,04/01/2015,08/01/2015,3,2
TXN-000245,CLM-237418,PAYMENT_FOR_CLAIM,61380.0,No,No,0.7672,0.6328,06/01/2015,02/01/2015,06/01/2015,3,2
TXN-000248,CLM-491392,PAYMENT_FOR_CLAIM,64000.0,No,No,0.8,0.7144,06/01/2015,02/01/2015,06/01/2015,1,3
TXN-000253,CLM-288580,PAYMENT_FOR_CLAIM,53600.0,No,Yes,0.67,0.6356,04/01/2015,06/01/2015,04/01/2015,1,2
TXN-000256,CLM-425973,PAYMENT_FOR_CLAIM,48100.0,No,No,0.6012,0.4886,09/01/2015,05/01/2015,09/01/2015,2,2
TXN-000262,CLM-144323,PAYMENT_FOR_CLAIM,85150.0,No,No,1.0,0.9305,01/01/2015,04/01/2015,01/01/2015,1,1
TXN-000265,CLM-125324,PAYMENT_FOR_CLAIM,51100.0,No,No,0.6388,0.6215,06/01/2015,08/01/2015,06/01/2015,3,1
TXN-000269,CLM-391652,PAYMENT_FOR_CLAIM,81840.0,No,Yes,1.0,0.8512,04/01/2015,09/01/2015,04/01/2015,3,2
TXN-000274,CLM-134430,PAYMENT_FOR_CLAIM,5500.0,No,No,0.0688,0.0655,07/01/2015,02/01/2015,07/01/2015,2,2
TXN-000277,CLM-438817,PAYMENT_FOR_CLAIM,101860.0,No,No,1.0,0.847,06/01/2015,06/01/2015,06/01/2015,3,1
TXN-000280,CLM-868283,PAYMENT_FOR_CLAIM,50490.0,No,No,0.6311,0.5342,08/01/2015,08/01/2015,08/01/2015,2,2
TXN-000283,CLM-882920,PAYMENT_FOR_CLAIM,7040.0,No,No,0.088,0.078,03/01/2015,04/01/2015,03/01/2015,3,2
TXN-000286,CLM-212580,PAYMENT_FOR_CLAIM,55680.0,No,No,0.696,0.6087,07/01/2015,05/01/2015,07/01/2015,2,1
TXN-000289,CLM-976971,PAYMENT_FOR_CLAIM,5200.0,No,No,0.065,0.0578,09/01/2015,02/01/2015,09/01/2015,2,3
TXN-000291,CLM-630226,PAYMENT_FOR_CLAIM,59400.0,No,No,0.7425,0.6659,04/01/2015,06/01/2015,04/01/2015,2,3
TXN-000295,CLM-505969,PAYMENT_FOR_CLAIM,76700.0,No,No,0.9588,0.8522,06/01/2015,02/01/2015,06/01/2015,2,3
TXN-000297,CLM-653864,PAYMENT_FOR_CLAIM,5920.0,No,No,0.074,0.0629,01/01/2015,01/01/2015,01/01/2015,1,1
TXN-000304,CLM-436126,PAYMENT_FOR_CLAIM,65070.0,No,No,0.8134,0.7682,08/01/2015,07/01/2015,08/01/2015,1,2
TXN-000306,CLM-739447,PAYMENT_FOR_CLAIM,8800.0,No,No,0.11,0.1061,01/01/2015,07/01/2015,01/01/2015,2,3
TXN-000308,CLM-427484,PAYMENT_FOR_CLAIM,6120.0,No,No,0.0765,0.0671,06/01/2015,01/01/2015,06/01/2015,3,1
TXN-000310,CLM-218684,PAYMENT_FOR_CLAIM,7080.0,No,No,0.0885,0.0855,02/01/2015,09/01/2015,02/01/2015,1,2
TXN-000316,CLM-593390,PAYMENT_FOR_CLAIM,63120.0,No,No,0.789,0.684,04/01/2015,07/01/2015,04/01/2015,2,2
TXN-000320,CLM-529398,PAYMENT_FOR_CLAIM,60190.0,No,No,0.7524,0.7305,01/01/2015,03/01/2015,01/01/2015,3,3
TXN-000328,CLM-740505,PAYMENT_FOR_CLAIM,88920.0,No,No,1.0,0.8645,07/01/2015,04/01/2015,07/01/2015,3,3
TXN-000330,CLM-629663,PAYMENT_FOR_CLAIM,47630.0,No,Yes,0.5954,0.5009,07/01/2015,07/01/2015,07/01/2015,3,1
TXN-000333,CLM-241562,PAYMENT_FOR_CLAIM,79530.0,No,No,0.9941,0.8091,08/01/2015,06/01/2015,08/01/2015,2,1
TXN-000335,CLM-405533,PAYMENT_FOR_CLAIM,53680.0,No,No,0.671,0.577,03/01/2015,01/01/2015,03/01/2015,1,1
TXN-000339,CLM-476923,PAYMENT_FOR_CLAIM,79750.0,No,No,0.9969,0.9265,02/01/2015,05/01/2015,02/01/2015,2,2
TXN-000341,CLM-735822,PAYMENT_FOR_CLAIM,53600.0,No,Yes,0.67,0.5946,03/01/2015,07/01/2015,03/01/2015,3,1
TXN-000343,CLM-492745,PAYMENT_FOR_CLAIM,76560.0,No,No,0.957,0.7832,09/01/2015,01/01/2015,09/01/2015,2,3
TXN-000346,CLM-261119,PAYMENT_FOR_CLAIM,78650.0,No,No,0.9831,0.7867,02/01/2015,03/01/2015,02/01/2015,1,3
TXN-000348,CLM-280709,PAYMENT_FOR_CLAIM,71060.0,No,No,0.8882,0.8726,06/01/2015,07/01/2015,06/01/2015,1,1
TXN-000350,CLM-898573,PAYMENT_FOR_CLAIM,38830.0,No,No,0.4854,0.3956,07/01/2015,03/01/2015,07/01/2015,3,3
TXN-000352,CLM-547802,PAYMENT_FOR_CLAIM,53500.0,No,No,0.6688,0.6548,09/01/2015,03/01/2015,09/01/2015,2,2
TXN-000356,CLM-629918,PAYMENT_FOR_CLAIM,65400.0,No,No,0.8175,0.7566,04/01/2015,05/01/2015,04/01/2015,3,2
TXN-000358,CLM-208298,PAYMENT_FOR_CLAIM,3200.0,No,No,0.04,0.0389,09/01/2015,08/01/2015,09/01/2015,2,3
TXN-000361,CLM-184938,PAYMENT_FOR_CLAIM,58140.0,No,No,0.7268,0.5858,08/01/2015,09/01/2015,08/01/2015,1,3
TXN-000364,CLM-326322,PAYMENT_FOR_CLAIM,5900.0,No,No,0.0738,0.0707,01/01/2015,03/01/2015,01/01/2015,2,3
TXN-000366,CLM-146138,PAYMENT_FOR_CLAIM,64100.0,No,No,0.8012,0.6546,03/01/2015,03/01/2015,03/01/2015,1,1
TXN-000368,CLM-336047,PAYMENT_FOR_CLAIM,55440.0,No,Yes,0.693,0.6459,08/01/2015,06/01/2015,08/01/2015,1,1
TXN-000370,CLM-532330,PAYMENT_FOR_CLAIM,80850.0,No,No,1.0,0.9153,09/01/2015,02/01/2015,09/01/2015,3,2
TXN-000372,CLM-118137,PAYMENT_FOR_CLAIM,7480.0,No,No,0.0935,0.0755,06/01/2015,09/01/2015,06/01/2015,3,3
TXN-000374,CLM-212674,PAYMENT_FOR_CLAIM,53640.0,No,No,0.6705,0.6494,04/01/2015,03/01/2015,04/01/2015,2,3
TXN-000376,CLM-935596,PAYMENT_FOR_CLAIM,63250.0,No,No,0.7906,0.79,08/01/2015,07/01/2015,08/01/2015,2,2
TXN-000378,CLM-737593,PAYMENT_FOR_CLAIM,59040.0,No,No,0.738,0.6484,09/01/2015,02/01/2015,09/01/2015,1,1
TXN-000380,CLM-812025,PAYMENT_FOR_CLAIM,50500.0,No,No,0.6312,0.5943,03/01/2015,04/01/2015,03/01/2015,2,3
TXN-000382,CLM-168151,PAYMENT_FOR_CLAIM,57690.0,No,Yes,0.7211,0.6363,02/01/2015,06/01/2015,02/01/2015,1,1
TXN-000386,CLM-283925,PAYMENT_FOR_CLAIM,3850.0,No,No,0.0481,0.0458,05/01/2015,01/01/2015,05/01/2015,3,3
TXN-000389,CLM-751905,PAYMENT_FOR_CLAIM,70600.0,No,Yes,0.8825,0.8529,03/01/2015,07/01/2015,03/01/2015,1,3
TXN-000395,CLM-818167,PAYMENT_FOR_CLAIM,78300.0,No,No,0.9788,0.8365,05/01/2015,03/01/2015,05/01/2015,2,2
TXN-000397,CLM-277767,PAYMENT_FOR_CLAIM,41490.0,No,No,0.5186,0.4306,02/01/2015,02/01/2015,02/01/2015,1,3
TXN-000399,CLM-842618,PAYMENT_FOR_CLAIM,68970.0,No,No,0.8621,0.8353,04/01/2015,01/01/2015,04/01/2015,1,3
TXN-000401,CLM-577810,PAYMENT_FOR_CLAIM,85300.0,No,No,1.0,0.9833,08/01/2015,09/01/2015,08/01/2015,3,2
TXN-000403,CLM-873114,PAYMENT_FOR_CLAIM,3080.0,No,No,0.0385,0.0315,02/01/2015,05/01/2015,02/01/2015,1,2
TXN-000407,CLM-522506,PAYMENT_FOR_CLAIM,64920.0,No,No,0.8115,0.6686,08/01/2015,01/01/2015,08/01/2015,3,2
TXN-000410,CLM-586104,PAYMENT_FOR_CLAIM,64080.0,No,No,0.801,0.7907,04/01/2015,02/01/2015,04/01/2015,2,2
TXN-000413,CLM-512813,PAYMENT_FOR_CLAIM,64350.0,No,Yes,0.8044,0.6901,01/01/2015,06/01/2015,01/01/2015,3,2
TXN-000415,CLM-356768,PAYMENT_FOR_CLAIM,70900.0,No,No,0.8862,0.7498,07/01/2015,08/01/2015,07/01/2015,2,3
TXN-000417,CLM-330506,PAYMENT_FOR_CLAIM,46560.0,No,No,0.582,0.511,04/01/2015,08/01/2015,04/01/2015,3,2
TXN-000419,CLM-779075,PAYMENT_FOR_CLAIM,4730.0,No,No,0.0591,0.0532,01/01/2015,01/01/2015,01/01/2015,3,3
TXN-000421,CLM-799501,PAYMENT_FOR_CLAIM,6820.0,No,No,0.0853,0.0821,09/01/2015,07/01/2015,09/01/2015,3,3
TXN-000424,CLM-967756,PAYMENT_FOR_CLAIM,79560.0,No,No,0.9945,0.9513,06/01/2015,03/01/2015,06/01/2015,2,3
TXN-000427,CLM-127313,PAYMENT_FOR_CLAIM,63910.0,No,No,0.7989,0.7566,09/01/2015,09/01/2015,09/01/2015,2,3
TXN-000429,CLM-786957,PAYMENT_FOR_CLAIM,6400.0,No,No,0.08,0.0675,04/01/2015,02/01/2015,04/01/2015,3,1
TXN-000431,CLM-332892,PAYMENT_FOR_CLAIM,66780.0,No,Yes,0.8348,0.726,01/01/2015,01/01/2015,01/01/2015,1,3
TXN-000433,CLM-448642,PAYMENT_FOR_CLAIM,8760.0,No,No,0.1095,0.0919,07/01/2015,08/01/2015,07/01/2015,3,2
TXN-000436,CLM-444422,PAYMENT_FOR_CLAIM,51570.0,No,No,0.6446,0.6356,09/01/2015,06/01/2015,09/01/2015,3,2
TXN-000438,CLM-689500,PAYMENT_FOR_CLAIM,52700.0,Yes,Yes,0.6587,0.6386,05/01/2015,03/01/2015,05/01/2015,2,2
TXN-000441,CLM-384618,PAYMENT_FOR_CLAIM,53400.0,No,Yes,0.6675,0.6105,09/01/2015,07/01/2015,09/01/2015,1,1
TXN-000443,CLM-756459,PAYMENT_FOR_CLAIM,72120.0,No,No,0.9015,0.8501,04/01/2015,09/01/2015,04/01/2015,3,1
TXN-000447,CLM-275092,PAYMENT_FOR_CLAIM,5940.0,No,No,0.0742,0.0725,07/01/2015,07/01/2015,07/01/2015,1,2
TXN-000449,CLM-515698,PAYMENT_FOR_CLAIM,63720.0,No,No,0.7965,0.6891,09/01/2015,07/01/2015,09/01/2015,2,2
TXN-000451,CLM-132871,PAYMENT_FOR_CLAIM,7680.0,No,No,0.096,0.0854,02/01/2015,06/01/2015,02/01/2015,3,1
TXN-000454,CLM-297816,PAYMENT_FOR_CLAIM,87300.0,No,No,1.0,0.9472,07/01/2015,01/01/2015,07/01/2015,3,3
TXN-000457,CLM-615047,PAYMENT_FOR_CLAIM,65800.0,No,No,0.8225,0.7205,08/01/2015,09/01/2015,08/01/2015,2,2
TXN-000462,CLM-371635,PAYMENT_FOR_CLAIM,77440.0,No,No,0.968,0.8145,03/01/2015,04/01/2015,03/01/2015,1,1
TXN-000464,CLM-427199,PAYMENT_FOR_CLAIM,45700.0,No,No,0.5712,0.5403,04/01/2015,07/01/2015,04/01/2015,3,2
TXN-000466,CLM-261315,PAYMENT_FOR_CLAIM,80740.0,No,No,1.0,0.8949,09/01/2015,09/01/2015,09/01/2015,2,3
TXN-000468,CLM-582973,PAYMENT_FOR_CLAIM,31350.0,No,Yes,0.3919,0.3574,07/01/2015,02/01/2015,07/01/2015,2,3
TXN-000471,CLM-153154,PAYMENT_FOR_CLAIM,68000.0,No,No,0.85,0.6959,07/01/2015,07/01/2015,07/01/2015,3,2
TXN-000473,CLM-515217,PAYMENT_FOR_CLAIM,84500.0,No,No,1.0,0.8111,06/01/2015,09/01/2015,06/01/2015,1,2
TXN-000475,CLM-860497,PAYMENT_FOR_CLAIM,75500.0,No,No,0.9438,0.8493,07/01/2015,03/01/2015,07/01/2015,3,2
TXN-000477,CLM-351741,PAYMENT_FOR_CLAIM,90600.0,No,No,1.0,0.9045,01/01/2015,02/01/2015,01/01/2015,1,2
TXN-000479,CLM-403737,PAYMENT_FOR_CLAIM,64320.0,No,No,0.804,0.6792,07/01/2015,05/01/2015,07/01/2015,3,1
TXN-000484,CLM-951543,PAYMENT_FOR_CLAIM,63600.0,No,No,0.795,0.7307,08/01/2015,01/01/2015,08/01/2015,2,3
TXN-000487,CLM-391003,PAYMENT_FOR_CLAIM,44190.0,No,No,0.5524,0.5316,08/01/2015,08/01/2015,08/01/2015,2,1
TXN-000491,CLM-890328,PAYMENT_FOR_CLAIM,66550.0,No,No,0.8319,0.8055,06/01/2015,04/01/2015,06/01/2015,3,1
TXN-000493,CLM-803294,PAYMENT_FOR_CLAIM,65780.0,No,No,0.8222,0.7018,06/01/2015,08/01/2015,06/01/2015,1,1
TXN-000495,CLM-414913,PAYMENT_FOR_CLAIM,51810.0,No,No,0.6476,0.6121,06/01/2015,04/01/2015,06/01/2015,2,3
TXN-000499,CLM-487356,PAYMENT_FOR_CLAIM,77660.0,No,Yes,0.9708,0.9221,08/01/2015,01/01/2015,08/01/2015,2,2
TXN-000503,CLM-406567,PAYMENT_FOR_CLAIM,53440.0,No,No,0.668,0.6633,04/01/2015,09/01/2015,04/01/2015,3,3
TXN-000508,CLM-563878,PAYMENT_FOR_CLAIM,87100.0,No,No,1.0,0.8144,06/01/2015,08/01/2015,06/01/2015,1,2
TXN-000511,CLM-583169,PAYMENT_FOR_CLAIM,64800.0,No,Yes,0.81,0.7581,05/01/2015,02/01/2015,05/01/2015,2,2
TXN-000513,CLM-337677,PAYMENT_FOR_CLAIM,70400.0,No,No,0.88,0.7195,02/01/2015,05/01/2015,02/01/2015,1,3
TXN-000515,CLM-445973,PAYMENT_FOR_CLAIM,57860.0,No,Yes,0.7232,0.6667,01/01/2015,04/01/2015,01/01/2015,3,3
TXN-000517,CLM-156694,PAYMENT_FOR_CLAIM,6240.0,No,No,0.078,0.0724,06/01/2015,01/01/2015,06/01/2015,3,3
TXN-000521,CLM-804410,PAYMENT_FOR_CLAIM,39480.0,No,No,0.4935,0.4548,08/01/2015,04/01/2015,08/01/2015,3,3
TXN-000525,CLM-331595,PAYMENT_FOR_CLAIM,74200.0,No,Yes,0.9275,0.8637,08/01/2015,01/01/2015,08/01/2015,3,1
TXN-000529,CLM-360770,PAYMENT_FOR_CLAIM,52200.0,No,No,0.6525,0.6095,03/01/2015,03/01/2015,03/01/2015,1,1
TXN-000531,CLM-958785,PAYMENT_FOR_CLAIM,78000.0,No,No,0.975,0.8261,06/01/2015,01/01/2015,06/01/2015,2,1
TXN-000533,CLM-797934,PAYMENT_FOR_CLAIM,67200.0,No,No,0.84,0.8015,01/01/2015,01/01/2015,01/01/2015,1,1
TXN-000535,CLM-883980,PAYMENT_FOR_CLAIM,63250.0,No,No,0.7906,0.6949,05/01/2015,06/01/2015,05/01/2015,2,1
TXN-000538,CLM-435784,PAYMENT_FOR_CLAIM,65040.0,No,No,0.813,0.7903,01/01/2015,07/01/2015,01/01/2015,3,2
TXN-000540,CLM-563837,PAYMENT_FOR_CLAIM,82800.0,No,Yes,1.0,0.9833,03/01/2015,03/01/2015,03/01/2015,1,3
TXN-000542,CLM-200827,PAYMENT_FOR_CLAIM,61700.0,No,No,0.7712,0.6684,06/01/2015,07/01/2015,06/01/2015,1,1
TXN-000544,CLM-533941,PAYMENT_FOR_CLAIM,78100.0,No,Yes,0.9762,0.9172,09/01/2015,01/01/2015,09/01/2015,3,2
TXN-000546,CLM-265026,PAYMENT_FOR_CLAIM,65520.0,No,Yes,0.819,0.6971,09/01/2015,08/01/2015,09/01/2015,2,1
TXN-000548,CLM-354481,PAYMENT_FOR_CLAIM,4500.0,No,No,0.0562,0.0515,09/01/2015,01/01/2015,09/01/2015,2,2
TXN-000551,CLM-832746,PAYMENT_FOR_CLAIM,5580.0,No,Yes,0.0698,0.0665,02/01/2015,03/01/2015,02/01/2015,1,3
TXN-000553,CLM-386690,PAYMENT_FOR_CLAIM,3600.0,Yes,No,0.045,0.0412,01/01/2015,05/01/2015,01/01/2015,3,3
TXN-000559,CLM-514424,PAYMENT_FOR_CLAIM,52560.0,No,No,0.657,0.534,09/01/2015,08/01/2015,09/01/2015,3,3
TXN-000561,CLM-954191,PAYMENT_FOR_CLAIM,44110.0,No,No,0.5514,0.5079,06/01/2015,05/01/2015,06/01/2015,3,1
TXN-000563,CLM-150181,PAYMENT_FOR_CLAIM,74360.0,No,No,0.9295,0.8062,06/01/2015,09/01/2015,06/01/2015,3,2
TXN-000566,CLM-457244,PAYMENT_FOR_CLAIM,62280.0,No,No,0.7785,0.7612,09/01/2015,06/01/2015,09/01/2015,2,3
TXN-000568,CLM-206667,PAYMENT_FOR_CLAIM,26730.0,No,No,0.3341,0.2941,08/01/2015,08/01/2015,08/01/2015,1,2
TXN-000570,CLM-745200,PAYMENT_FOR_CLAIM,66200.0,No,No,0.8275,0.8273,03/01/2015,09/01/2015,03/01/2015,3,1
TXN-000572,CLM-412703,PAYMENT_FOR_CLAIM,45500.0,No,No,0.5688,0.4621,04/01/2015,09/01/2015,04/01/2015,2,3
TXN-000577,CLM-218109,PAYMENT_FOR_CLAIM,62920.0,No,No,0.7865,0.6912,06/01/2015,09/01/2015,06/01/2015,3,1
TXN-000579,CLM-999435,PAYMENT_FOR_CLAIM,49950.0,No,No,0.6244,0.5482,08/01/2015,03/01/2015,08/01/2015,3,2
TXN-000581,CLM-858060,PAYMENT_FOR_CLAIM,56430.0,No,No,0.7054,0.6646,09/01/2015,02/01/2015,09/01/2015,3,2
TXN-000583,CLM-500384,PAYMENT_FOR_CLAIM,100210.0,No,No,1.0,0.8236,05/01/2015,04/01/2015,05/01/2015,1,2
TXN-000585,CLM-903785,PAYMENT_FOR_CLAIM,49140.0,No,No,0.6142,0.613,06/01/2015,03/01/2015,06/01/2015,3,2
TXN-000587,CLM-873859,PAYMENT_FOR_CLAIM,66840.0,No,No,0.8355,0.7283,08/01/2015,08/01/2015,08/01/2015,3,2
TXN-000589,CLM-204294,PAYMENT_FOR_CLAIM,62460.0,No,No,0.7808,0.6367,03/01/2015,04/01/2015,03/01/2015,3,3
TXN-000591,CLM-467106,PAYMENT_FOR_CLAIM,62810.0,No,No,0.7851,0.6687,01/01/2015,09/01/2015,01/01/2015,3,2
TXN-000597,CLM-756981,PAYMENT_FOR_CLAIM,65520.0,No,No,0.819,0.7281,09/01/2015,02/01/2015,09/01/2015,3,1
TXN-000600,CLM-411289,PAYMENT_FOR_CLAIM,5220.0,No,No,0.0652,0.0582,01/01/2015,06/01/2015,01/01/2015,1,1
TXN-000602,CLM-538466,PAYMENT_FOR_CLAIM,73320.0,No,No,0.9165,0.869,03/01/2015,03/01/2015,03/01/2015,2,1
TXN-000606,CLM-552618,PAYMENT_FOR_CLAIM,76920.0,No,No,0.9615,0.9538,05/01/2015,03/01/2015,05/01/2015,3,1
TXN-000610,CLM-944102,PAYMENT_FOR_CLAIM,44880.0,No,Yes,0.561,0.5287,02/01/2015,04/01/2015,02/01/2015,1,2
TXN-000612,CLM-689901,PAYMENT_FOR_CLAIM,82830.0,No,No,1.0,0.9296,01/01/2015,03/01/2015,01/01/2015,1,1
TXN-000615,CLM-396224,PAYMENT_FOR_CLAIM,79800.0,No,No,0.9975,0.9718,05/01/2015,03/01/2015,05/01/2015,1,1
TXN-000618,CLM-596298,PAYMENT_FOR_CLAIM,24200.0,No,No,0.3025,0.2928,02/01/2015,08/01/2015,02/01/2015,1,2
TXN-000620,CLM-253005,PAYMENT_FOR_CLAIM,43230.0,No,No,0.5404,0.4865,06/01/2015,03/01/2015,06/01/2015,3,3
TXN-000623,CLM-631565,PAYMENT_FOR_CLAIM,5850.0,No,No,0.0731,0.0598,01/01/2015,06/01/2015,01/01/2015,1,2
TXN-000629,CLM-439828,PAYMENT_FOR_CLAIM,61270.0,No,No,0.7659,0.7262,08/01/2015,05/01/2015,08/01/2015,2,2
TXN-000633,CLM-936543,PAYMENT_FOR_CLAIM,5000.0,No,No,0.0625,0.0545,05/01/2015,01/01/2015,05/01/2015,3,2
TXN-000638,CLM-355085,PAYMENT_FOR_CLAIM,91260.0,No,No,1.0,0.9727,04/01/2015,02/01/2015,04/01/2015,2,2
TXN-000640,CLM-830729,PAYMENT_FOR_CLAIM,60600.0,No,No,0.7575,0.7202,02/01/2015,05/01/2015,02/01/2015,3,3
TXN-000644,CLM-131478,PAYMENT_FOR_CLAIM,58200.0,No,No,0.7275,0.7091,07/01/2015,04/01/2015,07/01/2015,1,2
TXN-000647,CLM-287489,PAYMENT_FOR_CLAIM,69680.0,No,Yes,0.871,0.8166,07/01/2015,09/01/2015,07/01/2015,3,2
TXN-000649,CLM-808153,PAYMENT_FOR_CLAIM,55700.0,No,No,0.6962,0.6233,01/01/2015,05/01/2015,01/01/2015,1,3
TXN-000651,CLM-687639,PAYMENT_FOR_CLAIM,62370.0,No,No,0.7796,0.7222,09/01/2015,08/01/2015,09/01/2015,1,1
TXN-000653,CLM-497347,PAYMENT_FOR_CLAIM,54340.0,No,No,0.6792,0.6345,02/01/2015,06/01/2015,02/01/2015,1,2
TXN-000656,CLM-847123,PAYMENT_FOR_CLAIM,58500.0,No,No,0.7312,0.621,07/01/2015,05/01/2015,07/01/2015,1,3
TXN-000660,CLM-432068,PAYMENT_FOR_CLAIM,41850.0,No,No,0.5231,0.462,02/01/2015,04/01/2015,02/01/2015,1,3
TXN-000663,CLM-253085,PAYMENT_FOR_CLAIM,3190.0,No,No,0.0399,0.0393,02/01/2015,02/01/2015,02/01/2015,1,2
TXN-000665,CLM-180720,PAYMENT_FOR_CLAIM,5900.0,No,No,0.0738,0.0662,06/01/2015,09/01/2015,06/01/2015,2,2
TXN-000667,CLM-492224,PAYMENT_FOR_CLAIM,57330.0,No,No,0.7166,0.6634,06/01/2015,09/01/2015,06/01/2015,2,1
TXN-000669,CLM-411477,PAYMENT_FOR_CLAIM,81960.0,No,No,1.0,0.8326,07/01/2015,07/01/2015,07/01/2015,2,2
TXN-000671,CLM-107181,PAYMENT_FOR_CLAIM,70400.0,No,No,0.88,0.8451,07/01/2015,05/01/2015,07/01/2015,2,2
TXN-000675,CLM-373935,PAYMENT_FOR_CLAIM,54810.0,No,Yes,0.6851,0.5915,02/01/2015,06/01/2015,02/01/2015,1,1
TXN-000678,CLM-993840,PAYMENT_FOR_CLAIM,68750.0,No,No,0.8594,0.8163,04/01/2015,05/01/2015,04/01/2015,2,2
TXN-000680,CLM-327856,PAYMENT_FOR_CLAIM,61500.0,No,No,0.7688,0.6754,05/01/2015,08/01/2015,05/01/2015,1,3
TXN-000684,CLM-372912,PAYMENT_FOR_CLAIM,56000.0,No,No,0.7,0.6245,01/01/2015,09/01/2015,01/01/2015,3,3
TXN-000686,CLM-552788,PAYMENT_FOR_CLAIM,4290.0,No,No,0.0536,0.0504,05/01/2015,01/01/2015,05/01/2015,3,3
TXN-000688,CLM-722747,PAYMENT_FOR_CLAIM,60750.0,No,No,0.7594,0.6583,08/01/2015,01/01/2015,08/01/2015,1,1
TXN-000691,CLM-955953,PAYMENT_FOR_CLAIM,95150.0,No,No,1.0,0.8596,06/01/2015,08/01/2015,06/01/2015,3,2
TXN-000695,CLM-343421,PAYMENT_FOR_CLAIM,103560.0,No,No,1.0,0.9185,01/01/2015,03/01/2015,01/01/2015,2,2
TXN-000701,CLM-461962,PAYMENT_FOR_CLAIM,84590.0,No,No,1.0,0.9428,01/01/2015,05/01/2015,01/01/2015,2,2
TXN-000703,CLM-149467,PAYMENT_FOR_CLAIM,61650.0,No,No,0.7706,0.6222,01/01/2015,07/01/2015,01/01/2015,1,1
TXN-000705,CLM-758740,PAYMENT_FOR_CLAIM,81400.0,No,No,1.0,0.8178,05/01/2015,04/01/2015,05/01/2015,2,2
TXN-000708,CLM-574637,PAYMENT_FOR_CLAIM,38610.0,No,No,0.4826,0.4037,06/01/2015,07/01/2015,06/01/2015,1,2
TXN-000710,CLM-373600,PAYMENT_FOR_CLAIM,57600.0,No,No,0.72,0.6606,09/01/2015,07/01/2015,09/01/2015,3,2
TXN-000715,CLM-484321,PAYMENT_FOR_CLAIM,90480.0,No,No,1.0,0.921,05/01/2015,09/01/2015,05/01/2015,2,1
TXN-000718,CLM-218456,PAYMENT_FOR_CLAIM,6490.0,No,Yes,0.0811,0.0748,01/01/2015,04/01/2015,01/01/2015,3,1
TXN-000720,CLM-792673,PAYMENT_FOR_CLAIM,55900.0,No,No,0.6988,0.6431,09/01/2015,08/01/2015,09/01/2015,1,1
TXN-000723,CLM-971338,PAYMENT_FOR_CLAIM,58160.0,No,Yes,0.727,0.5956,03/01/2015,06/01/2015,03/01/2015,2,3
TXN-000726,CLM-753844,PAYMENT_FOR_CLAIM,104610.0,No,Yes,1.0,0.8585,03/01/2015,06/01/2015,03/01/2015,1,1
TXN-000729,CLM-918037,PAYMENT_FOR_CLAIM,62900.0,No,No,0.7862,0.7153,08/01/2015,06/01/2015,08/01/2015,1,3
TXN-000732,CLM-373731,PAYMENT_FOR_CLAIM,81500.0,No,No,1.0,0.9948,01/01/2015,01/01/2015,01/01/2015,2,2
TXN-000734,CLM-836272,PAYMENT_FOR_CLAIM,50000.0,No,No,0.625,0.6176,07/01/2015,05/01/2015,07/01/2015,1,3
TXN-000736,CLM-167231,PAYMENT_FOR_CLAIM,48290.0,No,No,0.6036,0.484,01/01/2015,06/01/2015,01/01/2015,2,2
TXN-000739,CLM-807369,PAYMENT_FOR_CLAIM,63300.0,No,No,0.7912,0.7369,07/01/2015,09/01/2015,07/01/2015,3,3
TXN-000743,CLM-585324,PAYMENT_FOR_CLAIM,2250.0,No,No,0.0281,0.0257,05/01/2015,04/01/2015,05/01/2015,3,1
TXN-000745,CLM-498759,PAYMENT_FOR_CLAIM,54120.0,No,No,0.6765,0.5705,05/01/2015,09/01/2015,05/01/2015,2,1
TXN-000747,CLM-795004,PAYMENT_FOR_CLAIM,69480.0,No,No,0.8685,0.8156,04/01/2015,08/01/2015,04/01/2015,1,3
TXN-000749,CLM-203250,PAYMENT_FOR_CLAIM,66950.0,No,No,0.8369,0.6871,06/01/2015,06/01/2015,06/01/2015,1,1
TXN-000754,CLM-740518,PAYMENT_FOR_CLAIM,39720.0,No,No,0.4965,0.4946,07/01/2015,01/01/2015,07/01/2015,1,1
TXN-000756,CLM-445289,PAYMENT_FOR_CLAIM,63580.0,No,Yes,0.7948,0.698,06/01/2015,01/01/2015,06/01/2015,2,3
TXN-000758,CLM-599262,PAYMENT_FOR_CLAIM,73370.0,No,No,0.9171,0.8386,09/01/2015,08/01/2015,09/01/2015,3,1
TXN-000760,CLM-357949,PAYMENT_FOR_CLAIM,86790.0,No,No,1.0,0.8942,01/01/2015,08/01/2015,01/01/2015,2,2
TXN-000764,CLM-231127,PAYMENT_FOR_CLAIM,42900.0,No,No,0.5362,0.457,04/01/2015,01/01/2015,04/01/2015,1,2
TXN-000767,CLM-555374,PAYMENT_FOR_CLAIM,57330.0,No,No,0.7166,0.5761,07/01/2015,01/01/2015,07/01/2015,3,1
TXN-000769,CLM-491484,PAYMENT_FOR_CLAIM,53370.0,No,No,0.6671,0.5423,04/01/2015,04/01/2015,04/01/2015,2,3
TXN-000772,CLM-265093,PAYMENT_FOR_CLAIM,61600.0,No,No,0.77,0.6829,09/01/2015,02/01/2015,09/01/2015,2,3
TXN-000775,CLM-116735,PAYMENT_FOR_CLAIM,80100.0,No,No,1.0,0.909,04/01/2015,08/01/2015,04/01/2015,1,2
TXN-000779,CLM-215534,PAYMENT_FOR_CLAIM,53730.0,No,No,0.6716,0.6092,07/01/2015,03/01/2015,07/01/2015,1,1
TXN-000781,CLM-232854,PAYMENT_FOR_CLAIM,60600.0,No,No,0.7575,0.6175,05/01/2015,02/01/2015,05/01/2015,3,3
TXN-000783,CLM-168260,PAYMENT_FOR_CLAIM,35750.0,No,No,0.4469,0.4022,08/01/2015,02/01/2015,08/01/2015,2,3
TXN-000785,CLM-538955,PAYMENT_FOR_CLAIM,42840.0,No,No,0.5355,0.4374,03/01/2015,04/01/2015,03/01/2015,3,1
TXN-000789,CLM-582480,PAYMENT_FOR_CLAIM,3840.0,No,No,0.048,0.0397,03/01/2015,06/01/2015,03/01/2015,1,2
TXN-000791,CLM-345539,PAYMENT_FOR_CLAIM,77000.0,No,No,0.9625,0.8869,05/01/2015,09/01/2015,05/01/2015,1,3
TXN-000795,CLM-190588,PAYMENT_FOR_CLAIM,58960.0,No,No,0.737,0.5995,06/01/2015,01/01/2015,06/01/2015,3,2
TXN-000797,CLM-246705,PAYMENT_FOR_CLAIM,2160.0,No,No,0.027,0.023,06/01/2015,05/01/2015,06/01/2015,2,3
TXN-000801,CLM-729534,PAYMENT_FOR_CLAIM,2700.0,No,No,0.0338,0.0318,09/01/2015,04/01/2015,09/01/2015,1,1
TXN-000806,CLM-110408,PAYMENT_FOR_CLAIM,80960.0,No,No,1.0,0.9292,02/01/2015,04/01/2015,02/01/2015,1,2
TXN-000809,CLM-840806,PAYMENT_FOR_CLAIM,6820.0,No,No,0.0853,0.0693,08/01/2015,04/01/2015,08/01/2015,2,1
TXN-000811,CLM-382394,PAYMENT_FOR_CLAIM,62590.0,No,No,0.7824,0.7183,01/01/2015,02/01/2015,01/01/2015,3,1
TXN-000814,CLM-871432,PAYMENT_FOR_CLAIM,63580.0,No,No,0.7948,0.7625,09/01/2015,06/01/2015,09/01/2015,1,2
TXN-000816,CLM-379882,PAYMENT_FOR_CLAIM,61400.0,No,No,0.7675,0.7296,04/01/2015,07/01/2015,04/01/2015,2,1
TXN-000818,CLM-852002,PAYMENT_FOR_CLAIM,4700.0,No,No,0.0588,0.0526,04/01/2015,07/01/2015,04/01/2015,2,2
TXN-000820,CLM-372891,PAYMENT_FOR_CLAIM,74140.0,No,No,0.9268,0.865,06/01/2015,05/01/2015,06/01/2015,1,1
TXN-000823,CLM-743092,PAYMENT_FOR_CLAIM,10790.0,No,No,0.1349,0.1324,02/01/2015,01/01/2015,02/01/2015,2,2
TXN-000825,CLM-599174,PAYMENT_FOR_CLAIM,48070.0,No,No,0.6009,0.5211,05/01/2015,02/01/2015,05/01/2015,3,2
TXN-000827,CLM-421092,PAYMENT_FOR_CLAIM,51030.0,No,No,0.6379,0.5869,03/01/2015,01/01/2015,03/01/2015,3,1
TXN-000830,CLM-811042,PAYMENT_FOR_CLAIM,76400.0,No,No,0.955,0.7936,05/01/2015,02/01/2015,05/01/2015,2,3
TXN-000833,CLM-116645,PAYMENT_FOR_CLAIM,69000.0,No,No,0.8625,0.8095,05/01/2015,05/01/2015,05/01/2015,1,2
TXN-000837,CLM-627486,PAYMENT_FOR_CLAIM,42500.0,No,No,0.5312,0.4634,07/01/2015,07/01/2015,07/01/2015,3,3
TXN-000839,CLM-498842,PAYMENT_FOR_CLAIM,86400.0,No,No,1.0,0.8259,07/01/2015,01/01/2015,07/01/2015,3,2
TXN-000842,CLM-328387,PAYMENT_FOR_CLAIM,6930.0,No,No,0.0866,0.0788,04/01/2015,02/01/2015,04/01/2015,3,2
TXN-000845,CLM-385932,PAYMENT_FOR_CLAIM,77330.0,No,No,0.9666,0.8808,01/01/2015,04/01/2015,01/01/2015,2,2
TXN-000847,CLM-618682,PAYMENT_FOR_CLAIM,4950.0,No,No,0.0619,0.0578,01/01/2015,04/01/2015,01/01/2015,1,3
TXN-000850,CLM-998192,PAYMENT_FOR_CLAIM,24570.0,No,Yes,0.3071,0.2991,01/01/2015,06/01/2015,01/01/2015,2,3
TXN-000852,CLM-663938,PAYMENT_FOR_CLAIM,53680.0,No,No,0.671,0.6573,05/01/2015,03/01/2015,05/01/2015,1,2
TXN-000855,CLM-337158,PAYMENT_FOR_CLAIM,84100.0,No,Yes,1.0,0.839,06/01/2015,01/01/2015,06/01/2015,3,1
TXN-000857,CLM-919875,PAYMENT_FOR_CLAIM,61560.0,No,No,0.7695,0.7362,04/01/2015,07/01/2015,04/01/2015,2,1
TXN-000860,CLM-113464,PAYMENT_FOR_CLAIM,57700.0,No,No,0.7212,0.5988,09/01/2015,03/01/2015,09/01/2015,3,3
TXN-000863,CLM-250249,PAYMENT_FOR_CLAIM,54300.0,No,No,0.6788,0.5631,01/01/2015,03/01/2015,01/01/2015,1,1
TXN-000873,CLM-439049,PAYMENT_FOR_CLAIM,71100.0,No,No,0.8888,0.8494,05/01/2015,07/01/2015,05/01/2015,3,3
TXN-000877,CLM-794731,PAYMENT_FOR_CLAIM,51090.0,No,No,0.6386,0.602,09/01/2015,01/01/2015,09/01/2015,2,1
TXN-000880,CLM-113516,PAYMENT_FOR_CLAIM,67320.0,No,No,0.8415,0.7756,09/01/2015,04/01/2015,09/01/2015,1,1
TXN-000882,CLM-425631,PAYMENT_FOR_CLAIM,76120.0,No,No,0.9515,0.8036,07/01/2015,02/01/2015,07/01/2015,3,3
TXN-000884,CLM-542245,PAYMENT_FOR_CLAIM,85020.0,No,No,1.0,0.8471,08/01/2015,07/01/2015,08/01/2015,1,1
TXN-000886,CLM-512894,PAYMENT_FOR_CLAIM,68090.0,No,No,0.8511,0.8427,03/01/2015,05/01/2015,03/01/2015,3,1
TXN-000889,CLM-464234,PAYMENT_FOR_CLAIM,5100.0,No,No,0.0638,0.058,06/01/2015,03/01/2015,06/01/2015,2,3
TXN-000893,CLM-911429,PAYMENT_FOR_CLAIM,70900.0,No,No,0.8862,0.7867,02/01/2015,07/01/2015,02/01/2015,2,2
TXN-000895,CLM-106186,PAYMENT_FOR_CLAIM,65100.0,No,No,0.8138,0.7507,05/01/2015,07/01/2015,05/01/2015,3,2
TXN-000900,CLM-209177,PAYMENT_FOR_CLAIM,84590.0,No,Yes,1.0,0.8208,01/01/2015,04/01/2015,01/01/2015,3,2
TXN-000905,CLM-276804,PAYMENT_FOR_CLAIM,5000.0,No,No,0.0625,0.0591,07/01/2015,04/01/2015,07/01/2015,3,1
TXN-000908,CLM-485642,PAYMENT_FOR_CLAIM,61920.0,No,No,0.774,0.6492,02/01/2015,02/01/2015,02/01/2015,3,1
TXN-000911,CLM-171183,PAYMENT_FOR_CLAIM,64080.0,No,No,0.801,0.7694,08/01/2015,07/01/2015,08/01/2015,2,2
TXN-000914,CLM-714784,PAYMENT_FOR_CLAIM,4400.0,No,No,0.055,0.0506,01/01/2015,02/01/2015,01/01/2015,2,2
TXN-000916,CLM-143924,PAYMENT_FOR_CLAIM,71640.0,No,No,0.8955,0.7898,09/01/2015,05/01/2015,09/01/2015,3,2
TXN-000920,CLM-830878,PAYMENT_FOR_CLAIM,8700.0,No,No,0.1088,0.0976,08/01/2015,01/01/2015,08/01/2015,3,1
TXN-000922,CLM-270208,PAYMENT_FOR_CLAIM,77100.0,No,No,0.9638,0.8012,04/01/2015,09/01/2015,04/01/2015,3,2
TXN-000924,CLM-407958,PAYMENT_FOR_CLAIM,59400.0,No,No,0.7425,0.6721,02/01/2015,03/01/2015,02/01/2015,1,3
TXN-000927,CLM-927205,PAYMENT_FOR_CLAIM,74030.0,No,No,0.9254,0.7977,08/01/2015,04/01/2015,08/01/2015,2,2
TXN-000930,CLM-831053,PAYMENT_FOR_CLAIM,79560.0,No,No,0.9945,0.9423,01/01/2015,02/01/2015,01/01/2015,2,2
TXN-000932,CLM-432740,PAYMENT_FOR_CLAIM,4900.0,No,No,0.0612,0.0522,09/01/2015,01/01/2015,09/01/2015,3,2
TXN-000939,CLM-714346,PAYMENT_FOR_CLAIM,40700.0,No,No,0.5088,0.4352,02/01/2015,02/01/2015,02/01/2015,1,2
TXN-000941,CLM-326289,PAYMENT_FOR_CLAIM,34650.0,No,No,0.4331,0.3777,07/01/2015,08/01/2015,07/01/2015,2,3
TXN-000944,CLM-779156,PAYMENT_FOR_CLAIM,78980.0,No,Yes,0.9872,0.7964,07/01/2015,02/01/2015,07/01/2015,1,2
TXN-000950,CLM-730819,PAYMENT_FOR_CLAIM,87890.0,No,Yes,1.0,0.9369,09/01/2015,08/01/2015,09/01/2015,2,2
TXN-000952,CLM-912665,PAYMENT_FOR_CLAIM,60500.0,No,No,0.7562,0.7406,09/01/2015,02/01/2015,09/01/2015,3,2
TXN-000954,CLM-469966,PAYMENT_FOR_CLAIM,88220.0,No,No,1.0,0.8491,02/01/2015,05/01/2015,02/01/2015,2,3
TXN-000956,CLM-952300,PAYMENT_FOR_CLAIM,53680.0,No,No,0.671,0.6385,04/01/2015,06/01/2015,04/01/2015,2,3
TXN-000963,CLM-808544,PAYMENT_FOR_CLAIM,7370.0,No,No,0.0921,0.0907,01/01/2015,08/01/2015,01/01/2015,1,3
TXN-000965,CLM-409074,PAYMENT_FOR_CLAIM,50800.0,No,Yes,0.635,0.5236,04/01/2015,05/01/2015,04/01/2015,1,1
TXN-000967,CLM-824728,PAYMENT_FOR_CLAIM,41520.0,No,No,0.519,0.4724,09/01/2015,01/01/2015,09/01/2015,3,2
TXN-000971,CLM-111874,PAYMENT_FOR_CLAIM,62260.0,No,No,0.7782,0.6776,05/01/2015,06/01/2015,05/01/2015,3,3
TXN-000975,CLM-577858,PAYMENT_FOR_CLAIM,57100.0,No,No,0.7138,0.6687,07/01/2015,02/01/2015,07/01/2015,3,2
TXN-000977,CLM-607351,PAYMENT_FOR_CLAIM,77440.0,No,No,0.968,0.8763,02/01/2015,06/01/2015,02/01/2015,1,1
TXN-000979,CLM-682754,PAYMENT_FOR_CLAIM,68300.0,No,No,0.8538,0.6914,03/01/2015,01/01/2015,03/01/2015,2,3
TXN-000984,CLM-658816,PAYMENT_FOR_CLAIM,77700.0,No,No,0.9712,0.8818,09/01/2015,09/01/2015,09/01/2015,3,3
TXN-000988,CLM-480094,PAYMENT_FOR_CLAIM,48360.0,No,No,0.6045,0.5218,02/01/2015,02/01/2015,02/01/2015,1,1
TXN-000992,CLM-261905,PAYMENT_FOR_CLAIM,59400.0,No,Yes,0.7425,0.7039,06/01/2015,01/01/2015,06/01/2015,1,1
TXN-000994,CLM-674485,PAYMENT_FOR_CLAIM,60210.0,No,No,0.7526,0.7253,01/01/2015,01/01/2015,01/01/2015,3,3
TXN-000997,CLM-991480,PAYMENT_FOR_CLAIM,62800.0,No,No,0.785,0.7759,02/01/2015,06/01/2015,02/01/2015,1,1
TXN-000999,CLM-804219,PAYMENT_FOR_CLAIM,59500.0,No,No,0.7438,0.7066,07/01/2015,07/01/2015,07/01/2015,1,1
TXN-001001,CLM-483088,PAYMENT_FOR_CLAIM,53460.0,No,No,0.6682,0.6344,05/01/2015,08/01/2015,05/01/2015,1,1
TXN-001003,CLM-100804,PAYMENT_FOR_CLAIM,41690.0,No,No,0.5211,0.4521,06/01/2015,04/01/2015,06/01/2015,2,2
TXN-001008,CLM-942106,PAYMENT_FOR_CLAIM,46200.0,No,No,0.5775,0.4748,05/01/2015,06/01/2015,05/01/2015,1,3
TXN-001010,CLM-794951,PAYMENT_FOR_CLAIM,58500.0,No,No,0.7312,0.5867,07/01/2015,03/01/2015,07/01/2015,1,1
TXN-001014,CLM-687755,PAYMENT_FOR_CLAIM,64200.0,No,No,0.8025,0.727,07/01/2015,07/01/2015,07/01/2015,3,2
TXN-001016,CLM-757644,PAYMENT_FOR_CLAIM,32320.0,No,No,0.404,0.332,03/01/2015,04/01/2015,03/01/2015,3,3
TXN-001019,CLM-944953,PAYMENT_FOR_CLAIM,4320.0,No,No,0.054,0.0493,06/01/2015,06/01/2015,06/01/2015,1,3
TXN-001021,CLM-386429,PAYMENT_FOR_CLAIM,4200.0,No,No,0.0525,0.0487,08/01/2015,06/01/2015,08/01/2015,1,3
TXN-001023,CLM-108270,PAYMENT_FOR_CLAIM,57970.0,No,No,0.7246,0.7086,04/01/2015,02/01/2015,04/01/2015,3,2
TXN-001027,CLM-774303,PAYMENT_FOR_CLAIM,32480.0,No,No,0.406,0.3917,02/01/2015,08/01/2015,02/01/2015,1,2
TXN-001029,CLM-698470,PAYMENT_FOR_CLAIM,60480.0,No,No,0.756,0.6784,03/01/2015,07/01/2015,03/01/2015,1,3
TXN-001031,CLM-719989,PAYMENT_FOR_CLAIM,2640.0,No,No,0.033,0.0296,06/01/2015,04/01/2015,06/01/2015,1,3
TXN-001033,CLM-309323,PAYMENT_FOR_CLAIM,6050.0,No,No,0.0756,0.0751,04/01/2015,06/01/2015,04/01/2015,1,3
TXN-001036,CLM-431478,PAYMENT_FOR_CLAIM,40260.0,No,No,0.5032,0.4281,07/01/2015,03/01/2015,07/01/2015,2,1
TXN-001038,CLM-797634,PAYMENT_FOR_CLAIM,50000.0,No,No,0.625,0.5544,02/01/2015,05/01/2015,02/01/2015,2,3
TXN-001040,CLM-284836,PAYMENT_FOR_CLAIM,3840.0,No,No,0.048,0.044,03/01/2015,02/01/2015,03/01/2015,1,2
TXN-001042,CLM-238196,PAYMENT_FOR_CLAIM,95900.0,No,No,1.0,0.8893,08/01/2015,04/01/2015,08/01/2015,2,3
TXN-001045,CLM-287436,PAYMENT_FOR_CLAIM,63030.0,No,No,0.7879,0.7582,07/01/2015,01/01/2015,07/01/2015,3,3
TXN-001047,CLM-496067,PAYMENT_FOR_CLAIM,63470.0,No,No,0.7934,0.7505,09/01/2015,03/01/2015,09/01/2015,1,2
TXN-001049,CLM-206004,PAYMENT_FOR_CLAIM,44440.0,No,Yes,0.5555,0.5505,08/01/2015,03/01/2015,08/01/2015,1,3
TXN-001052,CLM-469426,PAYMENT_FOR_CLAIM,77200.0,No,No,0.965,0.8447,07/01/2015,09/01/2015,07/01/2015,2,1
TXN-001054,CLM-654974,PAYMENT_FOR_CLAIM,57000.0,No,No,0.7125,0.6883,03/01/2015,07/01/2015,03/01/2015,2,3
TXN-001056,CLM-943425,PAYMENT_FOR_CLAIM,2700.0,No,No,0.0338,0.0324,03/01/2015,08/01/2015,03/01/2015,3,2
TXN-001058,CLM-641845,PAYMENT_FOR_CLAIM,47300.0,No,No,0.5913,0.508,06/01/2015,02/01/2015,06/01/2015,2,2
TXN-001060,CLM-794534,PAYMENT_FOR_CLAIM,55110.0,No,No,0.6889,0.6562,08/01/2015,01/01/2015,08/01/2015,3,3
TXN-001062,CLM-357808,PAYMENT_FOR_CLAIM,4320.0,No,No,0.054,0.0458,05/01/2015,07/01/2015,05/01/2015,2,3
TXN-001068,CLM-639027,PAYMENT_FOR_CLAIM,60190.0,No,Yes,0.7524,0.6349,08/01/2015,07/01/2015,08/01/2015,3,2
TXN-001072,CLM-458829,PAYMENT_FOR_CLAIM,79320.0,No,No,0.9915,0.8528,05/01/2015,06/01/2015,05/01/2015,3,1
TXN-001074,CLM-626208,PAYMENT_FOR_CLAIM,82610.0,No,Yes,1.0,0.8888,06/01/2015,07/01/2015,06/01/2015,1,1
TXN-001076,CLM-315041,PAYMENT_FOR_CLAIM,78600.0,Yes,Yes,0.9825,0.8403,01/01/2015,01/01/2015,01/01/2015,1,3
TXN-001081,CLM-669800,PAYMENT_FOR_CLAIM,66480.0,No,No,0.831,0.7602,09/01/2015,03/01/2015,09/01/2015,1,3
TXN-001085,CLM-465065,PAYMENT_FOR_CLAIM,55400.0,No,No,0.6925,0.6889,01/01/2015,05/01/2015,01/01/2015,1,2
TXN-001088,CLM-447226,PAYMENT_FOR_CLAIM,74880.0,No,No,0.936,0.786,09/01/2015,03/01/2015,09/01/2015,3,2
TXN-001091,CLM-922937,PAYMENT_FOR_CLAIM,7150.0,No,No,0.0894,0.0801,08/01/2015,04/01/2015,08/01/2015,1,2
TXN-001096,CLM-221283,PAYMENT_FOR_CLAIM,7110.0,No,No,0.0889,0.087,02/01/2015,06/01/2015,02/01/2015,1,3
TXN-001098,CLM-961496,PAYMENT_FOR_CLAIM,36960.0,No,No,0.462,0.3833,08/01/2015,08/01/2015,08/01/2015,1,2
TXN-001102,CLM-691115,PAYMENT_FOR_CLAIM,86130.0,No,No,1.0,0.9586,04/01/2015,08/01/2015,04/01/2015,1,2
TXN-001106,CLM-615116,PAYMENT_FOR_CLAIM,44200.0,No,No,0.5525,0.5449,04/01/2015,08/01/2015,04/01/2015,1,1
TXN-001108,CLM-947598,PAYMENT_FOR_CLAIM,66660.0,No,No,0.8332,0.7383,02/01/2015,05/01/2015,02/01/2015,3,3
TXN-001110,CLM-658002,PAYMENT_FOR_CLAIM,78320.0,No,No,0.979,0.958,06/01/2015,02/01/2015,06/01/2015,2,1
TXN-001113,CLM-805806,PAYMENT_FOR_CLAIM,50700.0,No,No,0.6338,0.5707,08/01/2015,05/01/2015,08/01/2015,1,3
TXN-001120,CLM-178081,PAYMENT_FOR_CLAIM,67600.0,No,No,0.845,0.7801,02/01/2015,01/01/2015,02/01/2015,3,3
TXN-001123,CLM-990624,PAYMENT_FOR_CLAIM,84500.0,No,Yes,1.0,0.8149,07/01/2015,06/01/2015,07/01/2015,2,2
TXN-001125,CLM-892148,PAYMENT_FOR_CLAIM,71610.0,No,No,0.8951,0.7162,01/01/2015,08/01/2015,01/01/2015,3,3
TXN-001129,CLM-143109,PAYMENT_FOR_CLAIM,29300.0,No,No,0.3662,0.309,05/01/2015,02/01/2015,05/01/2015,2,3
TXN-001133,CLM-420815,PAYMENT_FOR_CLAIM,90530.0,No,No,1.0,0.858,03/01/2015,08/01/2015,03/01/2015,1,3
TXN-001136,CLM-608039,PAYMENT_FOR_CLAIM,63900.0,No,No,0.7988,0.7268,07/01/2015,06/01/2015,07/01/2015,3,2
TXN-001138,CLM-250162,PAYMENT_FOR_CLAIM,38640.0,No,No,0.483,0.4481,02/01/2015,04/01/2015,02/01/2015,3,3
TXN-001141,CLM-445195,PAYMENT_FOR_CLAIM,79090.0,No,No,0.9886,0.8393,05/01/2015,03/01/2015,05/01/2015,2,1
TXN-001143,CLM-938634,PAYMENT_FOR_CLAIM,87900.0,No,No,1.0,0.9974,05/01/2015,03/01/2015,05/01/2015,1,3
TXN-001145,CLM-482495,PAYMENT_FOR_CLAIM,53400.0,No,No,0.6675,0.5407,08/01/2015,08/01/2015,08/01/2015,3,2
TXN-001147,CLM-796005,PAYMENT_FOR_CLAIM,52030.0,No,No,0.6504,0.6457,02/01/2015,08/01/2015,02/01/2015,1,1
TXN-001149,CLM-910604,PAYMENT_FOR_CLAIM,82060.0,No,No,1.0,0.8231,07/01/2015,06/01/2015,07/01/2015,1,2
TXN-001151,CLM-327488,PAYMENT_FOR_CLAIM,48360.0,No,No,0.6045,0.5186,06/01/2015,03/01/2015,06/01/2015,2,2
TXN-001155,CLM-516959,PAYMENT_FOR_CLAIM,60750.0,No,Yes,0.7594,0.656,01/01/2015,07/01/2015,01/01/2015,1,3
TXN-001160,CLM-684193,PAYMENT_FOR_CLAIM,61800.0,No,No,0.7725,0.7159,05/01/2015,02/01/2015,05/01/2015,3,3
TXN-001162,CLM-247505,PAYMENT_FOR_CLAIM,64570.0,No,No,0.8071,0.6864,05/01/2015,06/01/2015,05/01/2015,2,3
TXN-001167,CLM-362407,PAYMENT_FOR_CLAIM,37800.0,No,No,0.4725,0.3903,02/01/2015,09/01/2015,02/01/2015,3,2
TXN-001169,CLM-389525,PAYMENT_FOR_CLAIM,63300.0,No,No,0.7912,0.6989,06/01/2015,08/01/2015,06/01/2015,2,2
TXN-001173,CLM-266247,PAYMENT_FOR_CLAIM,100.0,No,No,0.0012,0.0011,03/01/2015,09/01/2015,03/01/2015,3,2
TXN-001177,CLM-192524,PAYMENT_FOR_CLAIM,60480.0,No,No,0.756,0.7355,07/01/2015,09/01/2015,07/01/2015,1,3
TXN-001180,CLM-865607,PAYMENT_FOR_CLAIM,49390.0,No,No,0.6174,0.5731,05/01/2015,02/01/2015,05/01/2015,2,2
TXN-001182,CLM-963285,PAYMENT_FOR_CLAIM,69360.0,No,No,0.867,0.7677,05/01/2015,07/01/2015,05/01/2015,3,1
TXN-001185,CLM-553436,PAYMENT_FOR_CLAIM,5060.0,No,No,0.0632,0.0581,06/01/2015,09/01/2015,06/01/2015,1,2
TXN-001188,CLM-463237,PAYMENT_FOR_CLAIM,50050.0,No,Yes,0.6256,0.5342,09/01/2015,04/01/2015,09/01/2015,1,3
TXN-001190,CLM-753452,PAYMENT_FOR_CLAIM,59070.0,No,No,0.7384,0.7309,03/01/2015,02/01/2015,03/01/2015,1,1
TXN-001196,CLM-979336,PAYMENT_FOR_CLAIM,57240.0,No,Yes,0.7155,0.6421,07/01/2015,08/01/2015,07/01/2015,1,2
TXN-001198,CLM-865201,PAYMENT_FOR_CLAIM,46200.0,No,No,0.5775,0.4893,05/01/2015,02/01/2015,05/01/2015,2,1
TXN-001201,CLM-787351,PAYMENT_FOR_CLAIM,56160.0,No,No,0.702,0.6978,06/01/2015,06/01/2015,06/01/2015,3,2
TXN-001205,CLM-804608,PAYMENT_FOR_CLAIM,30700.0,No,No,0.3838,0.336,05/01/2015,02/01/2015,05/01/2015,3,1
TXN-001208,CLM-482404,PAYMENT_FOR_CLAIM,3960.0,No,No,0.0495,0.0453,02/01/2015,02/01/2015,02/01/2015,1,2
TXN-001211,CLM-753056,PAYMENT_FOR_CLAIM,79500.0,No,No,0.9938,0.9443,02/01/2015,02/01/2015,02/01/2015,1,1
TXN-001215,CLM-362843,PAYMENT_FOR_CLAIM,4950.0,No,No,0.0619,0.0611,04/01/2015,05/01/2015,04/01/2015,2,3
TXN-001217,CLM-135400,PAYMENT_FOR_CLAIM,48000.0,No,No,0.6,0.5497,08/01/2015,03/01/2015,08/01/2015,3,1
TXN-001222,CLM-322613,PAYMENT_FOR_CLAIM,55200.0,No,Yes,0.69,0.6357,09/01/2015,05/01/2015,09/01/2015,1,3
TXN-001225,CLM-488037,PAYMENT_FOR_CLAIM,4680.0,No,No,0.0585,0.0479,01/01/2015,02/01/2015,01/01/2015,3,2
TXN-001228,CLM-886473,PAYMENT_FOR_CLAIM,3520.0,No,No,0.044,0.0418,05/01/2015,03/01/2015,05/01/2015,1,1
TXN-001231,CLM-833321,PAYMENT_FOR_CLAIM,70700.0,No,No,0.8838,0.7927,09/01/2015,05/01/2015,09/01/2015,3,2
TXN-001234,CLM-254837,PAYMENT_FOR_CLAIM,74800.0,No,No,0.935,0.8828,08/01/2015,09/01/2015,08/01/2015,3,1
TXN-001237,CLM-574707,PAYMENT_FOR_CLAIM,61490.0,No,No,0.7686,0.6747,07/01/2015,05/01/2015,07/01/2015,1,3
TXN-001239,CLM-476839,PAYMENT_FOR_CLAIM,7200.0,No,No,0.09,0.0786,03/01/2015,06/01/2015,03/01/2015,2,3
TXN-001242,CLM-630683,PAYMENT_FOR_CLAIM,66660.0,No,No,0.8332,0.7689,01/01/2015,05/01/2015,01/01/2015,1,2
TXN-001244,CLM-500639,PAYMENT_FOR_CLAIM,76400.0,No,No,0.955,0.8873,04/01/2015,07/01/2015,04/01/2015,2,2
TXN-001247,CLM-569245,PAYMENT_FOR_CLAIM,57310.0,No,No,0.7164,0.6487,09/01/2015,08/01/2015,09/01/2015,1,2
TXN-001249,CLM-907012,PAYMENT_FOR_CLAIM,53100.0,No,No,0.6637,0.6005,04/01/2015,04/01/2015,04/01/2015,3,2
TXN-001251,CLM-700074,PAYMENT_FOR_CLAIM,74700.0,No,No,0.9338,0.8976,08/01/2015,02/01/2015,08/01/2015,1,2
TXN-001253,CLM-866805,PAYMENT_FOR_CLAIM,60500.0,No,No,0.7562,0.6815,04/01/2015,04/01/2015,04/01/2015,1,2
TXN-001255,CLM-951863,PAYMENT_FOR_CLAIM,84920.0,No,Yes,1.0,0.9191,07/01/2015,08/01/2015,07/01/2015,2,2
TXN-001258,CLM-357394,PAYMENT_FOR_CLAIM,69080.0,No,Yes,0.8635,0.8082,06/01/2015,02/01/2015,06/01/2015,3,3
TXN-001260,CLM-863749,PAYMENT_FOR_CLAIM,4560.0,No,No,0.057,0.0559,03/01/2015,08/01/2015,03/01/2015,2,2
TXN-001262,CLM-596914,PAYMENT_FOR_CLAIM,67800.0,No,No,0.8475,0.8258,05/01/2015,05/01/2015,05/01/2015,2,1
TXN-001264,CLM-684653,PAYMENT_FOR_CLAIM,5600.0,No,No,0.07,0.0623,03/01/2015,02/01/2015,03/01/2015,3,3
TXN-001266,CLM-528259,PAYMENT_FOR_CLAIM,9000.0,No,No,0.1125,0.0955,08/01/2015,01/01/2015,08/01/2015,3,3
TXN-001270,CLM-620075,PAYMENT_FOR_CLAIM,51370.0,No,Yes,0.6421,0.6164,07/01/2015,07/01/2015,07/01/2015,3,1
TXN-001272,CLM-965187,PAYMENT_FOR_CLAIM,51600.0,No,No,0.645,0.595,01/01/2015,07/01/2015,01/01/2015,3,3
TXN-001274,CLM-516182,PAYMENT_FOR_CLAIM,5400.0,No,No,0.0675,0.0574,08/01/2015,06/01/2015,08/01/2015,1,1
TXN-001278,CLM-264221,PAYMENT_FOR_CLAIM,54960.0,No,Yes,0.687,0.5857,05/01/2015,05/01/2015,05/01/2015,3,3
TXN-001280,CLM-602704,PAYMENT_FOR_CLAIM,39800.0,No,No,0.4975,0.4933,02/01/2015,06/01/2015,02/01/2015,1,1
TXN-001288,CLM-982678,PAYMENT_FOR_CLAIM,46800.0,No,Yes,0.585,0.5526,05/01/2015,01/01/2015,05/01/2015,1,2
TXN-001290,CLM-646069,PAYMENT_FOR_CLAIM,56320.0,No,No,0.704,0.6945,07/01/2015,09/01/2015,07/01/2015,2,1
TXN-001292,CLM-331683,PAYMENT_FOR_CLAIM,83490.0,No,No,1.0,0.8129,05/01/2015,06/01/2015,05/01/2015,3,2
TXN-001296,CLM-737252,PAYMENT_FOR_CLAIM,66200.0,No,No,0.8275,0.734,05/01/2015,08/01/2015,05/01/2015,2,2
TXN-001298,CLM-344480,PAYMENT_FOR_CLAIM,64080.0,No,No,0.801,0.776,01/01/2015,01/01/2015,01/01/2015,3,1
TXN-001301,CLM-957816,PAYMENT_FOR_CLAIM,48950.0,No,No,0.6119,0.5287,03/01/2015,04/01/2015,03/01/2015,2,2
TXN-001304,CLM-489618,PAYMENT_FOR_CLAIM,82400.0,No,No,1.0,0.8678,07/01/2015,05/01/2015,07/01/2015,3,3
TXN-001306,CLM-717044,PAYMENT_FOR_CLAIM,54240.0,No,No,0.678,0.5764,02/01/2015,01/01/2015,02/01/2015,1,3
TXN-001308,CLM-101421,PAYMENT_FOR_CLAIM,74200.0,No,No,0.9275,0.8304,04/01/2015,02/01/2015,04/01/2015,3,3
TXN-001311,CLM-737483,PAYMENT_FOR_CLAIM,68200.0,No,Yes,0.8525,0.7293,06/01/2015,02/01/2015,06/01/2015,1,3
TXN-001314,CLM-167466,PAYMENT_FOR_CLAIM,59300.0,No,No,0.7412,0.658,04/01/2015,08/01/2015,04/01/2015,1,1
TXN-001317,CLM-143038,PAYMENT_FOR_CLAIM,40810.0,No,No,0.5101,0.4242,05/01/2015,07/01/2015,05/01/2015,1,1
TXN-001323,CLM-762951,PAYMENT_FOR_CLAIM,59490.0,No,No,0.7436,0.6159,03/01/2015,02/01/2015,03/01/2015,1,2
TXN-001325,CLM-376879,PAYMENT_FOR_CLAIM,44200.0,No,Yes,0.5525,0.4981,06/01/2015,08/01/2015,06/01/2015,2,2
TXN-001327,CLM-599031,PAYMENT_FOR_CLAIM,7700.0,No,No,0.0962,0.0869,06/01/2015,01/01/2015,06/01/2015,1,3
TXN-001329,CLM-676255,PAYMENT_FOR_CLAIM,61440.0,No,No,0.768,0.6827,06/01/2015,07/01/2015,06/01/2015,3,2
TXN-001331,CLM-985446,PAYMENT_FOR_CLAIM,54400.0,No,Yes,0.68,0.5962,07/01/2015,02/01/2015,07/01/2015,2,1
TXN-001333,CLM-884180,PAYMENT_FOR_CLAIM,58560.0,No,No,0.732,0.7049,02/01/2015,04/01/2015,02/01/2015,3,3
TXN-001335,CLM-571462,PAYMENT_FOR_CLAIM,67300.0,No,Yes,0.8412,0.8051,09/01/2015,01/01/2015,09/01/2015,2,2
TXN-001337,CLM-815883,PAYMENT_FOR_CLAIM,36740.0,No,Yes,0.4592,0.4516,04/01/2015,02/01/2015,04/01/2015,2,2
TXN-001339,CLM-258265,PAYMENT_FOR_CLAIM,85690.0,No,No,1.0,0.8163,03/01/2015,02/01/2015,03/01/2015,1,2
TXN-001343,CLM-633375,PAYMENT_FOR_CLAIM,79680.0,No,No,0.996,0.906,07/01/2015,03/01/2015,07/01/2015,2,2
TXN-001345,CLM-556538,PAYMENT_FOR_CLAIM,61740.0,No,No,0.7718,0.7043,03/01/2015,08/01/2015,03/01/2015,2,3
TXN-001349,CLM-753005,PAYMENT_FOR_CLAIM,56320.0,No,No,0.704,0.6363,02/01/2015,04/01/2015,02/01/2015,2,1
TXN-001353,CLM-330119,PAYMENT_FOR_CLAIM,2640.0,No,No,0.033,0.0286,04/01/2015,09/01/2015,04/01/2015,2,1
TXN-001355,CLM-164464,PAYMENT_FOR_CLAIM,8970.0,No,No,0.1121,0.1007,09/01/2015,04/01/2015,09/01/2015,1,3
TXN-001357,CLM-927354,PAYMENT_FOR_CLAIM,6000.0,No,No,0.075,0.0731,05/01/2015,02/01/2015,05/01/2015,2,2
TXN-001362,CLM-950542,PAYMENT_FOR_CLAIM,59200.0,No,No,0.74,0.6716,02/01/2015,09/01/2015,02/01/2015,2,3
TXN-001365,CLM-388616,PAYMENT_FOR_CLAIM,69400.0,No,No,0.8675,0.8629,06/01/2015,02/01/2015,06/01/2015,1,2
TXN-001367,CLM-577992,PAYMENT_FOR_CLAIM,40500.0,No,No,0.5062,0.4178,06/01/2015,08/01/2015,06/01/2015,1,3
TXN-001369,CLM-342830,PAYMENT_FOR_CLAIM,60000.0,No,No,0.75,0.6281,02/01/2015,03/01/2015,02/01/2015,2,1
TXN-001371,CLM-491170,PAYMENT_FOR_CLAIM,67320.0,No,No,0.8415,0.7733,01/01/2015,01/01/2015,01/01/2015,1,3
TXN-001373,CLM-175553,PAYMENT_FOR_CLAIM,75690.0,No,No,0.9461,0.8778,06/01/2015,04/01/2015,06/01/2015,2,3
TXN-001377,CLM-868031,PAYMENT_FOR_CLAIM,97080.0,No,No,1.0,0.8057,05/01/2015,06/01/2015,05/01/2015,2,3
TXN-001380,CLM-744557,PAYMENT_FOR_CLAIM,30700.0,No,No,0.3838,0.3116,03/01/2015,08/01/2015,03/01/2015,3,3
TXN-001382,CLM-159536,PAYMENT_FOR_CLAIM,33480.0,No,No,0.4185,0.3841,06/01/2015,07/01/2015,06/01/2015,3,2
TXN-001384,CLM-727109,PAYMENT_FOR_CLAIM,65430.0,No,No,0.8179,0.7066,03/01/2015,06/01/2015,03/01/2015,3,2
TXN-001386,CLM-155604,PAYMENT_FOR_CLAIM,42680.0,No,Yes,0.5335,0.4642,08/01/2015,07/01/2015,08/01/2015,1,1
TXN-001388,CLM-608443,PAYMENT_FOR_CLAIM,87780.0,No,No,1.0,0.8227,06/01/2015,05/01/2015,06/01/2015,1,3
TXN-001390,CLM-117862,PAYMENT_FOR_CLAIM,72800.0,No,No,0.91,0.7699,01/01/2015,01/01/2015,01/01/2015,2,2
TXN-001393,CLM-727443,PAYMENT_FOR_CLAIM,3600.0,No,No,0.045,0.0389,06/01/2015,01/01/2015,06/01/2015,3,2
TXN-001395,CLM-378587,PAYMENT_FOR_CLAIM,62640.0,No,No,0.783,0.6835,07/01/2015,02/01/2015,07/01/2015,3,2
TXN-001403,CLM-913464,PAYMENT_FOR_CLAIM,32670.0,No,No,0.4084,0.3294,09/01/2015,02/01/2015,09/01/2015,1,2
TXN-001405,CLM-398484,PAYMENT_FOR_CLAIM,3870.0,No,No,0.0484,0.0458,09/01/2015,06/01/2015,09/01/2015,3,2
TXN-001408,CLM-449263,PAYMENT_FOR_CLAIM,74690.0,No,No,0.9336,0.7594,01/01/2015,05/01/2015,01/01/2015,1,1
TXN-001410,CLM-844007,PAYMENT_FOR_CLAIM,4620.0,No,No,0.0578,0.0488,09/01/2015,03/01/2015,09/01/2015,3,2
TXN-001412,CLM-686522,PAYMENT_FOR_CLAIM,55000.0,No,No,0.6875,0.5917,05/01/2015,07/01/2015,05/01/2015,1,1
TXN-001415,CLM-607687,PAYMENT_FOR_CLAIM,55260.0,No,No,0.6908,0.5782,09/01/2015,01/01/2015,09/01/2015,3,2
TXN-001417,CLM-967713,PAYMENT_FOR_CLAIM,51400.0,No,No,0.6425,0.5665,03/01/2015,08/01/2015,03/01/2015,3,2
TXN-001421,CLM-840225,PAYMENT_FOR_CLAIM,74360.0,No,Yes,0.9295,0.9034,01/01/2015,09/01/2015,01/01/2015,1,2
TXN-001424,CLM-535879,PAYMENT_FOR_CLAIM,71800.0,No,No,0.8975,0.8507,08/01/2015,03/01/2015,08/01/2015,3,1
TXN-001426,CLM-746630,PAYMENT_FOR_CLAIM,68240.0,No,No,0.853,0.7625,03/01/2015,05/01/2015,03/01/2015,3,1
TXN-001430,CLM-724752,PAYMENT_FOR_CLAIM,46860.0,No,No,0.5858,0.5835,08/01/2015,02/01/2015,08/01/2015,3,2
TXN-001432,CLM-148498,PAYMENT_FOR_CLAIM,4290.0,No,No,0.0536,0.0449,02/01/2015,02/01/2015,02/01/2015,1,3
TXN-001437,CLM-231548,PAYMENT_FOR_CLAIM,63600.0,No,No,0.795,0.6733,03/01/2015,07/01/2015,03/01/2015,3,1
TXN-001439,CLM-531160,PAYMENT_FOR_CLAIM,43560.0,No,No,0.5445,0.5377,07/01/2015,05/01/2015,07/01/2015,2,3
TXN-001441,CLM-889003,PAYMENT_FOR_CLAIM,60840.0,No,No,0.7605,0.7469,04/01/2015,04/01/2015,04/01/2015,1,1
TXN-001443,CLM-193213,PAYMENT_FOR_CLAIM,68160.0,No,No,0.852,0.8136,04/01/2015,05/01/2015,04/01/2015,1,2
TXN-001447,CLM-227244,PAYMENT_FOR_CLAIM,89520.0,No,No,1.0,0.9526,05/01/2015,03/01/2015,05/01/2015,3,2
TXN-001449,CLM-791425,PAYMENT_FOR_CLAIM,4620.0,No,No,0.0578,0.0501,01/01/2015,05/01/2015,01/01/2015,3,2
TXN-001451,CLM-354455,PAYMENT_FOR_CLAIM,45180.0,No,No,0.5648,0.4747,03/01/2015,02/01/2015,03/01/2015,2,2
TXN-001453,CLM-601042,PAYMENT_FOR_CLAIM,45100.0,No,No,0.5638,0.55,04/01/2015,02/01/2015,04/01/2015,2,3
TXN-001456,CLM-471938,PAYMENT_FOR_CLAIM,86130.0,No,No,1.0,0.8389,08/01/2015,05/01/2015,08/01/2015,2,2
TXN-001458,CLM-564654,PAYMENT_FOR_CLAIM,48000.0,No,No,0.6,0.5656,09/01/2015,08/01/2015,09/01/2015,3,1
TXN-001460,CLM-645723,PAYMENT_FOR_CLAIM,3300.0,No,No,0.0412,0.038,02/01/2015,06/01/2015,02/01/2015,3,3
TXN-001463,CLM-437960,PAYMENT_FOR_CLAIM,7590.0,No,No,0.0949,0.0849,04/01/2015,05/01/2015,04/01/2015,1,3
TXN-001472,CLM-844062,PAYMENT_FOR_CLAIM,6600.0,No,No,0.0825,0.0814,03/01/2015,07/01/2015,03/01/2015,2,3
TXN-001474,CLM-844129,PAYMENT_FOR_CLAIM,74140.0,No,No,0.9268,0.8937,07/01/2015,07/01/2015,07/01/2015,3,3
TXN-001478,CLM-776950,PAYMENT_FOR_CLAIM,49100.0,No,Yes,0.6138,0.5734,08/01/2015,03/01/2015,08/01/2015,2,3
TXN-001480,CLM-291006,PAYMENT_FOR_CLAIM,98280.0,No,No,1.0,0.804,03/01/2015,05/01/2015,03/01/2015,3,2
TXN-001483,CLM-889764,PAYMENT_FOR_CLAIM,70400.0,No,No,0.88,0.7737,08/01/2015,09/01/2015,08/01/2015,2,2
TXN-001485,CLM-929306,PAYMENT_FOR_CLAIM,53280.0,Yes,No,0.666,0.6408,04/01/2015,03/01/2015,04/01/2015,1,2
TXN-001494,CLM-669809,PAYMENT_FOR_CLAIM,76900.0,No,No,0.9612,0.8658,04/01/2015,03/01/2015,04/01/2015,2,1
TXN-001496,CLM-182953,PAYMENT_FOR_CLAIM,77000.0,No,No,0.9625,0.9106,03/01/2015,04/01/2015,03/01/2015,1,2
TXN-001500,CLM-550127,PAYMENT_FOR_CLAIM,53280.0,No,No,0.666,0.5488,07/01/2015,01/01/2015,07/01/2015,2,2
TXN-001502,CLM-663190,PAYMENT_FOR_CLAIM,34290.0,No,No,0.4286,0.3775,03/01/2015,07/01/2015,03/01/2015,2,3
TXN-001505,CLM-215278,PAYMENT_FOR_CLAIM,36700.0,No,No,0.4588,0.367,08/01/2015,05/01/2015,08/01/2015,2,1
TXN-001507,CLM-674570,PAYMENT_FOR_CLAIM,60200.0,No,No,0.7525,0.6758,08/01/2015,03/01/2015,08/01/2015,1,2
TXN-001512,CLM-918516,PAYMENT_FOR_CLAIM,67500.0,No,No,0.8438,0.7575,07/01/2015,02/01/2015,07/01/2015,2,2
TXN-001515,CLM-556080,PAYMENT_FOR_CLAIM,5060.0,No,No,0.0632,0.0585,08/01/2015,02/01/2015,08/01/2015,1,2
