:START_ID,:END_ID,:TYPE,total_claim_amount,weight,connection_strength,first_seen_date,last_seen_date,event_time,interaction_count,shared_count
POL-521585,CLM-521585,HAS_CLAIM,71610,0.8951,0.7384,09/01/2015,09/01/2015,09/01/2015,1,2
POL-342868,CLM-342868,HAS_CLAIM,5070,0.0634,0.0563,05/01/2015,06/01/2015,05/01/2015,2,1
POL-687698,CLM-687698,HAS_CLAIM,34650,0.4331,0.4237,08/01/2015,06/01/2015,08/01/2015,3,2
POL-227811,CLM-227811,HAS_CLAIM,63400,0.7925,0.7577,02/01/2015,08/01/2015,02/01/2015,2,3
POL-367455,CLM-367455,HAS_CLAIM,6500,0.0812,0.0703,06/01/2015,04/01/2015,06/01/2015,1,3
POL-104594,CLM-104594,HAS_CLAIM,64100,0.8012,0.7293,07/01/2015,06/01/2015,07/01/2015,3,3
POL-413978,CLM-413978,HAS_CLAIM,78650,0.9831,0.8235,08/01/2015,03/01/2015,08/01/2015,3,3
POL-429027,CLM-429027,HAS_CLAIM,51590,0.6449,0.5249,06/01/2015,04/01/2015,06/01/2015,2,1
POL-485665,CLM-485665,HAS_CLAIM,27700,0.3462,0.3339,07/01/2015,03/01/2015,07/01/2015,2,2
POL-636550,CLM-636550,HAS_CLAIM,42300,0.5288,0.4855,07/01/2015,09/01/2015,07/01/2015,2,2
POL-543610,CLM-543610,HAS_CLAIM,87010,1.0,0.9898,06/01/2015,06/01/2015,06/01/2015,3,2
POL-214618,CLM-214618,HAS_CLAIM,114920,1.0,0.8705,01/01/2015,06/01/2015,01/01/2015,1,2
POL-842643,CLM-842643,HAS_CLAIM,56520,0.7065,0.6212,06/01/2015,06/01/2015,06/01/2015,3,2
POL-626808,CLM-626808,HAS_CLAIM,7280,0.091,0.0874,02/01/2015,09/01/2015,02/01/2015,2,1
POL-644081,CLM-644081,HAS_CLAIM,46200,0.5775,0.5237,09/01/2015,01/01/2015,09/01/2015,1,3
POL-892874,CLM-892874,HAS_CLAIM,63120,0.789,0.7009,09/01/2015,06/01/2015,09/01/2015,3,3
POL-558938,CLM-558938,HAS_CLAIM,52110,0.6514,0.6056,07/01/2015,08/01/2015,07/01/2015,1,3
POL-275265,CLM-275265,HAS_CLAIM,77880,0.9735,0.9426,01/01/2015,05/01/2015,01/01/2015,1,3
POL-921202,CLM-921202,HAS_CLAIM,72930,0.9116,0.7855,02/01/2015,08/01/2015,02/01/2015,2,2
POL-143972,CLM-143972,HAS_CLAIM,60400,0.755,0.6687,07/01/2015,06/01/2015,07/01/2015,3,1
POL-183430,CLM-183430,HAS_CLAIM,47160,0.5895,0.4782,08/01/2015,09/01/2015,08/01/2015,2,1
POL-431876,CLM-431876,HAS_CLAIM,37840,0.473,0.44,05/01/2015,02/01/2015,05/01/2015,3,2
POL-285496,CLM-285496,HAS_CLAIM,71520,0.894,0.8536,05/01/2015,07/01/2015,05/01/2015,1,3
POL-115399,CLM-115399,HAS_CLAIM,98160,1.0,0.8009,03/01/2015,07/01/2015,03/01/2015,3,3
POL-736882,CLM-736882,HAS_CLAIM,77880,0.9735,0.8963,04/01/2015,01/01/2015,04/01/2015,3,3
POL-699044,CLM-699044,HAS_CLAIM,71500,0.8938,0.7619,05/01/2015,03/01/2015,05/01/2015,3,2
POL-863236,CLM-863236,HAS_CLAIM,9020,0.1128,0.1036,04/01/2015,09/01/2015,04/01/2015,1,2
POL-608513,CLM-608513,HAS_CLAIM,5720,0.0715,0.0663,06/01/2015,05/01/2015,06/01/2015,3,2
POL-914088,CLM-914088,HAS_CLAIM,69840,0.873,0.7897,07/01/2015,02/01/2015,07/01/2015,2,1
POL-596785,CLM-596785,HAS_CLAIM,91650,1.0,0.8894,09/01/2015,04/01/2015,09/01/2015,2,1
POL-908616,CLM-908616,HAS_CLAIM,75600,0.945,0.9139,06/01/2015,07/01/2015,06/01/2015,2,3
POL-666333,CLM-666333,HAS_CLAIM,67140,0.8392,0.7538,01/01/2015,03/01/2015,01/01/2015,2,3
POL-336614,CLM-336614,HAS_CLAIM,29790,0.3724,0.3455,05/01/2015,04/01/2015,05/01/2015,3,1
POL-584859,CLM-584859,HAS_CLAIM,77110,0.9639,0.9624,06/01/2015,04/01/2015,06/01/2015,1,2
POL-990493,CLM-990493,HAS_CLAIM,64800,0.81,0.7495,01/01/2015,05/01/2015,01/01/2015,3,3
POL-129872,CLM-129872,HAS_CLAIM,53100,0.6637,0.6163,06/01/2015,08/01/2015,06/01/2015,1,1
POL-200152,CLM-200152,HAS_CLAIM,60200,0.7525,0.7185,07/01/2015,01/01/2015,07/01/2015,2,2
POL-933293,CLM-933293,HAS_CLAIM,5330,0.0666,0.0611,07/01/2015,05/01/2015,07/01/2015,1,3
POL-485664,CLM-485664,HAS_CLAIM,62300,0.7788,0.6258,04/01/2015,01/01/2015,04/01/2015,3,1
POL-982871,CLM-982871,HAS_CLAIM,60170,0.7521,0.617,08/01/2015,08/01/2015,08/01/2015,3,3
POL-206213,CLM-206213,HAS_CLAIM,40000,0.5,0.4877,06/01/2015,02/01/2015,06/01/2015,2,3
POL-616337,CLM-616337,HAS_CLAIM,97080,1.0,0.868,05/01/2015,05/01/2015,05/01/2015,3,2
POL-448961,CLM-448961,HAS_CLAIM,51660,0.6458,0.5183,01/01/2015,07/01/2015,01/01/2015,1,2
POL-790442,CLM-790442,HAS_CLAIM,51120,0.639,0.5935,03/01/2015,08/01/2015,03/01/2015,2,3
POL-108844,CLM-108844,HAS_CLAIM,56400,0.705,0.6192,05/01/2015,02/01/2015,05/01/2015,2,3
POL-430029,CLM-430029,HAS_CLAIM,55120,0.689,0.6374,03/01/2015,05/01/2015,03/01/2015,1,1
POL-529112,CLM-529112,HAS_CLAIM,77110,0.9639,0.8662,09/01/2015,08/01/2015,09/01/2015,3,2
POL-939631,CLM-939631,HAS_CLAIM,62800,0.785,0.6548,07/01/2015,08/01/2015,07/01/2015,3,2
POL-866931,CLM-866931,HAS_CLAIM,7290,0.0911,0.0866,02/01/2015,04/01/2015,02/01/2015,3,1
POL-582011,CLM-582011,HAS_CLAIM,76600,0.9575,0.7704,08/01/2015,05/01/2015,08/01/2015,1,3
POL-691189,CLM-691189,HAS_CLAIM,81800,1.0,0.9323,09/01/2015,02/01/2015,09/01/2015,3,3
POL-537546,CLM-537546,HAS_CLAIM,7260,0.0908,0.0835,03/01/2015,09/01/2015,03/01/2015,2,1
POL-394975,CLM-394975,HAS_CLAIM,4300,0.0538,0.0446,06/01/2015,06/01/2015,06/01/2015,1,2
POL-729634,CLM-729634,HAS_CLAIM,70510,0.8814,0.7371,08/01/2015,06/01/2015,08/01/2015,3,1
POL-282195,CLM-282195,HAS_CLAIM,2640,0.033,0.0279,02/01/2015,06/01/2015,02/01/2015,2,3
POL-420810,CLM-420810,HAS_CLAIM,78900,0.9862,0.8262,05/01/2015,01/01/2015,05/01/2015,3,1
POL-524836,CLM-524836,HAS_CLAIM,56430,0.7054,0.6496,01/01/2015,09/01/2015,01/01/2015,3,2
POL-307195,CLM-307195,HAS_CLAIM,2400,0.03,0.0289,03/01/2015,04/01/2015,03/01/2015,1,1
POL-623648,CLM-623648,HAS_CLAIM,65790,0.8224,0.7622,06/01/2015,08/01/2015,06/01/2015,2,1
POL-485372,CLM-485372,HAS_CLAIM,62920,0.7865,0.6317,01/01/2015,05/01/2015,01/01/2015,2,1
POL-598554,CLM-598554,HAS_CLAIM,69480,0.8685,0.724,04/01/2015,06/01/2015,04/01/2015,1,3
POL-303987,CLM-303987,HAS_CLAIM,44280,0.5535,0.4474,09/01/2015,07/01/2015,09/01/2015,1,1
POL-343161,CLM-343161,HAS_CLAIM,56300,0.7038,0.6732,06/01/2015,01/01/2015,06/01/2015,3,1
POL-519312,CLM-519312,HAS_CLAIM,68520,0.8565,0.7706,08/01/2015,02/01/2015,08/01/2015,1,3
POL-132902,CLM-132902,HAS_CLAIM,59130,0.7391,0.6202,07/01/2015,08/01/2015,07/01/2015,1,3
POL-332867,CLM-332867,HAS_CLAIM,82320,1.0,0.9881,03/01/2015,01/01/2015,03/01/2015,1,1
POL-356590,CLM-356590,HAS_CLAIM,89700,1.0,0.9625,07/01/2015,04/01/2015,07/01/2015,1,1
POL-346002,CLM-346002,HAS_CLAIM,33930,0.4241,0.4059,05/01/2015,07/01/2015,05/01/2015,2,2
POL-500533,CLM-500533,HAS_CLAIM,68530,0.8566,0.8403,09/01/2015,02/01/2015,09/01/2015,1,2
POL-348209,CLM-348209,HAS_CLAIM,4300,0.0538,0.05,02/01/2015,01/01/2015,02/01/2015,2,1
POL-486676,CLM-486676,HAS_CLAIM,68310,0.8539,0.7554,07/01/2015,02/01/2015,07/01/2015,2,2
POL-260845,CLM-260845,HAS_CLAIM,61290,0.7661,0.6527,04/01/2015,08/01/2015,04/01/2015,1,1
POL-657045,CLM-657045,HAS_CLAIM,30100,0.3762,0.3615,09/01/2015,06/01/2015,09/01/2015,3,3
POL-761189,CLM-761189,HAS_CLAIM,57120,0.714,0.6356,05/01/2015,01/01/2015,05/01/2015,3,2
POL-175177,CLM-175177,HAS_CLAIM,42930,0.5366,0.455,04/01/2015,01/01/2015,04/01/2015,1,1
POL-116700,CLM-116700,HAS_CLAIM,51210,0.6401,0.6331,07/01/2015,02/01/2015,07/01/2015,1,3
POL-166264,CLM-166264,HAS_CLAIM,89400,1.0,0.947,09/01/2015,08/01/2015,09/01/2015,1,2
POL-527945,CLM-527945,HAS_CLAIM,59730,0.7466,0.6403,01/01/2015,01/01/2015,01/01/2015,1,2
POL-627540,CLM-627540,HAS_CLAIM,8060,0.1008,0.0811,07/01/2015,07/01/2015,07/01/2015,2,3
POL-279422,CLM-279422,HAS_CLAIM,72200,0.9025,0.868,04/01/2015,08/01/2015,04/01/2015,2,3
POL-484200,CLM-484200,HAS_CLAIM,50800,0.635,0.5708,06/01/2015,05/01/2015,06/01/2015,1,3
POL-645258,CLM-645258,HAS_CLAIM,6600,0.0825,0.0789,09/01/2015,01/01/2015,09/01/2015,1,3
POL-694662,CLM-694662,HAS_CLAIM,7500,0.0938,0.0768,06/01/2015,08/01/2015,06/01/2015,1,1
POL-960680,CLM-960680,HAS_CLAIM,6490,0.0811,0.0753,04/01/2015,09/01/2015,04/01/2015,2,1
POL-498140,CLM-498140,HAS_CLAIM,60940,0.7618,0.6517,01/01/2015,07/01/2015,01/01/2015,2,1
POL-498875,CLM-498875,HAS_CLAIM,58300,0.7288,0.64,02/01/2015,03/01/2015,02/01/2015,2,1
POL-798177,CLM-798177,HAS_CLAIM,68400,0.855,0.7974,01/01/2015,09/01/2015,01/01/2015,1,1
POL-614763,CLM-614763,HAS_CLAIM,64240,0.803,0.7384,02/01/2015,06/01/2015,02/01/2015,3,1
POL-679370,CLM-679370,HAS_CLAIM,4700,0.0588,0.0576,03/01/2015,06/01/2015,03/01/2015,3,3
POL-958857,CLM-958857,HAS_CLAIM,45120,0.564,0.5277,08/01/2015,02/01/2015,08/01/2015,3,3
POL-686816,CLM-686816,HAS_CLAIM,66950,0.8369,0.8216,09/01/2015,07/01/2015,09/01/2015,2,3
POL-127754,CLM-127754,HAS_CLAIM,98340,1.0,0.8511,07/01/2015,03/01/2015,07/01/2015,1,3
POL-918629,CLM-918629,HAS_CLAIM,5900,0.0738,0.0697,06/01/2015,02/01/2015,06/01/2015,3,1
POL-731450,CLM-731450,HAS_CLAIM,70680,0.8835,0.8027,02/01/2015,06/01/2015,02/01/2015,2,3
POL-307447,CLM-307447,HAS_CLAIM,93720,1.0,0.8986,04/01/2015,04/01/2015,04/01/2015,1,1
POL-992145,CLM-992145,HAS_CLAIM,6930,0.0866,0.0729,01/01/2015,09/01/2015,01/01/2015,1,3
POL-900628,CLM-900628,HAS_CLAIM,72930,0.9116,0.847,05/01/2015,07/01/2015,05/01/2015,1,2
POL-235220,CLM-235220,HAS_CLAIM,64890,0.8111,0.6899,09/01/2015,08/01/2015,09/01/2015,1,3
POL-740019,CLM-740019,HAS_CLAIM,5400,0.0675,0.059,06/01/2015,07/01/2015,06/01/2015,2,2
POL-246882,CLM-246882,HAS_CLAIM,5600,0.07,0.0596,03/01/2015,04/01/2015,03/01/2015,1,3
POL-797613,CLM-797613,HAS_CLAIM,79300,0.9912,0.9366,08/01/2015,06/01/2015,08/01/2015,2,3
POL-193442,CLM-193442,HAS_CLAIM,52800,0.66,0.5651,08/01/2015,04/01/2015,08/01/2015,1,1
POL-389238,CLM-389238,HAS_CLAIM,28800,0.36,0.3352,06/01/2015,07/01/2015,06/01/2015,2,3
POL-760179,CLM-760179,HAS_CLAIM,2970,0.0371,0.0363,09/01/2015,08/01/2015,09/01/2015,1,3
POL-939905,CLM-939905,HAS_CLAIM,93480,1.0,0.995,07/01/2015,04/01/2015,07/01/2015,1,3
POL-872814,CLM-872814,HAS_CLAIM,4320,0.054,0.0504,08/01/2015,06/01/2015,08/01/2015,1,3
POL-632627,CLM-632627,HAS_CLAIM,79800,0.9975,0.8816,01/01/2015,06/01/2015,01/01/2015,1,2
POL-283414,CLM-283414,HAS_CLAIM,74200,0.9275,0.914,04/01/2015,09/01/2015,04/01/2015,2,2
POL-163161,CLM-163161,HAS_CLAIM,70590,0.8824,0.7967,07/01/2015,07/01/2015,07/01/2015,1,1
POL-853360,CLM-853360,HAS_CLAIM,60940,0.7618,0.711,06/01/2015,01/01/2015,06/01/2015,1,1
POL-776860,CLM-776860,HAS_CLAIM,74700,0.9338,0.91,07/01/2015,08/01/2015,07/01/2015,2,3
POL-149367,CLM-149367,HAS_CLAIM,70000,0.875,0.7887,03/01/2015,01/01/2015,03/01/2015,3,1
POL-395269,CLM-395269,HAS_CLAIM,81070,1.0,0.9573,01/01/2015,08/01/2015,01/01/2015,1,1
POL-981123,CLM-981123,HAS_CLAIM,57720,0.7215,0.6582,04/01/2015,03/01/2015,04/01/2015,2,1
POL-143626,CLM-143626,HAS_CLAIM,7080,0.0885,0.086,07/01/2015,03/01/2015,07/01/2015,2,2
POL-648397,CLM-648397,HAS_CLAIM,47700,0.5962,0.5558,04/01/2015,09/01/2015,04/01/2015,2,3
POL-154982,CLM-154982,HAS_CLAIM,51260,0.6408,0.6314,05/01/2015,09/01/2015,05/01/2015,3,2
POL-330591,CLM-330591,HAS_CLAIM,70400,0.88,0.8193,05/01/2015,04/01/2015,05/01/2015,2,3
POL-319232,CLM-319232,HAS_CLAIM,90000,1.0,0.9889,05/01/2015,05/01/2015,05/01/2015,1,1
POL-531640,CLM-531640,HAS_CLAIM,72820,0.9102,0.8428,04/01/2015,02/01/2015,04/01/2015,3,2
POL-368050,CLM-368050,HAS_CLAIM,69300,0.8662,0.841,05/01/2015,04/01/2015,05/01/2015,2,3
POL-253791,CLM-253791,HAS_CLAIM,76560,0.957,0.9249,07/01/2015,04/01/2015,07/01/2015,3,2
POL-155724,CLM-155724,HAS_CLAIM,55440,0.693,0.5843,09/01/2015,06/01/2015,09/01/2015,3,3
POL-824540,CLM-824540,HAS_CLAIM,77130,0.9641,0.96,07/01/2015,02/01/2015,07/01/2015,1,1
POL-717392,CLM-717392,HAS_CLAIM,42000,0.525,0.5071,04/01/2015,04/01/2015,04/01/2015,2,3
POL-965768,CLM-965768,HAS_CLAIM,36300,0.4538,0.41,04/01/2015,01/01/2015,04/01/2015,1,2
POL-414779,CLM-414779,HAS_CLAIM,40320,0.504,0.4274,02/01/2015,02/01/2015,02/01/2015,1,2
POL-428230,CLM-428230,HAS_CLAIM,3960,0.0495,0.0399,09/01/2015,05/01/2015,09/01/2015,3,2
POL-517240,CLM-517240,HAS_CLAIM,63840,0.798,0.7442,02/01/2015,04/01/2015,02/01/2015,3,3
POL-469874,CLM-469874,HAS_CLAIM,44730,0.5591,0.4988,03/01/2015,01/01/2015,03/01/2015,3,2
POL-718428,CLM-718428,HAS_CLAIM,84720,1.0,0.873,04/01/2015,08/01/2015,04/01/2015,2,1
POL-620215,CLM-620215,HAS_CLAIM,61500,0.7688,0.6875,04/01/2015,05/01/2015,04/01/2015,2,3
POL-618659,CLM-618659,HAS_CLAIM,51000,0.6375,0.6278,06/01/2015,03/01/2015,06/01/2015,2,1
POL-649082,CLM-649082,HAS_CLAIM,46800,0.585,0.5734,08/01/2015,08/01/2015,08/01/2015,2,1
POL-437573,CLM-437573,HAS_CLAIM,78120,0.9765,0.838,07/01/2015,05/01/2015,07/01/2015,1,1
POL-964657,CLM-964657,HAS_CLAIM,69200,0.865,0.7195,02/01/2015,04/01/2015,02/01/2015,1,3
POL-932502,CLM-932502,HAS_CLAIM,3690,0.0461,0.045,08/01/2015,07/01/2015,08/01/2015,3,3
POL-434507,CLM-434507,HAS_CLAIM,65500,0.8188,0.7219,01/01/2015,07/01/2015,01/01/2015,3,1
POL-935277,CLM-935277,HAS_CLAIM,76120,0.9515,0.9142,08/01/2015,04/01/2015,08/01/2015,1,1
POL-756054,CLM-756054,HAS_CLAIM,73560,0.9195,0.8387,04/01/2015,06/01/2015,04/01/2015,2,1
POL-682387,CLM-682387,HAS_CLAIM,52030,0.6504,0.6058,02/01/2015,08/01/2015,02/01/2015,2,2
POL-456604,CLM-456604,HAS_CLAIM,5170,0.0646,0.0601,08/01/2015,07/01/2015,08/01/2015,1,1
POL-139872,CLM-139872,HAS_CLAIM,8190,0.1024,0.0881,05/01/2015,08/01/2015,05/01/2015,1,1
POL-354105,CLM-354105,HAS_CLAIM,70800,0.885,0.8622,05/01/2015,02/01/2015,05/01/2015,2,3
POL-165485,CLM-165485,HAS_CLAIM,45630,0.5704,0.5395,06/01/2015,05/01/2015,06/01/2015,1,3
POL-515050,CLM-515050,HAS_CLAIM,99320,1.0,0.9994,08/01/2015,09/01/2015,08/01/2015,3,2
POL-795686,CLM-795686,HAS_CLAIM,64000,0.8,0.7505,08/01/2015,01/01/2015,08/01/2015,1,2
POL-395983,CLM-395983,HAS_CLAIM,47300,0.5913,0.5755,07/01/2015,04/01/2015,07/01/2015,2,1
POL-119513,CLM-119513,HAS_CLAIM,71680,0.896,0.7225,03/01/2015,01/01/2015,03/01/2015,3,2
POL-217938,CLM-217938,HAS_CLAIM,112320,1.0,0.8048,07/01/2015,01/01/2015,07/01/2015,1,2
POL-203914,CLM-203914,HAS_CLAIM,82720,1.0,0.9448,03/01/2015,08/01/2015,03/01/2015,3,1
POL-565157,CLM-565157,HAS_CLAIM,48060,0.6008,0.5174,07/01/2015,04/01/2015,07/01/2015,1,3
POL-904191,CLM-904191,HAS_CLAIM,63570,0.7946,0.7628,04/01/2015,06/01/2015,04/01/2015,1,3
POL-419510,CLM-419510,HAS_CLAIM,63240,0.7905,0.6895,07/01/2015,07/01/2015,07/01/2015,3,3
POL-575000,CLM-575000,HAS_CLAIM,54240,0.678,0.6401,08/01/2015,06/01/2015,08/01/2015,2,3
POL-120485,CLM-120485,HAS_CLAIM,37280,0.466,0.4283,09/01/2015,09/01/2015,09/01/2015,1,1
POL-781181,CLM-781181,HAS_CLAIM,72100,0.9012,0.8168,06/01/2015,03/01/2015,06/01/2015,2,1
POL-299796,CLM-299796,HAS_CLAIM,6500,0.0812,0.0715,01/01/2015,07/01/2015,01/01/2015,3,1
POL-589749,CLM-589749,HAS_CLAIM,78240,0.978,0.8147,09/01/2015,01/01/2015,09/01/2015,3,1
POL-854021,CLM-854021,HAS_CLAIM,6200,0.0775,0.0748,09/01/2015,09/01/2015,09/01/2015,1,2
POL-454086,CLM-454086,HAS_CLAIM,6160,0.077,0.0624,08/01/2015,03/01/2015,08/01/2015,3,2
POL-139484,CLM-139484,HAS_CLAIM,76050,0.9506,0.7979,08/01/2015,06/01/2015,08/01/2015,3,1
POL-678849,CLM-678849,HAS_CLAIM,86060,1.0,0.8344,05/01/2015,03/01/2015,05/01/2015,2,3
POL-346940,CLM-346940,HAS_CLAIM,107900,1.0,0.9972,08/01/2015,07/01/2015,08/01/2015,3,3
POL-985436,CLM-985436,HAS_CLAIM,99990,1.0,0.9207,06/01/2015,04/01/2015,06/01/2015,2,2
POL-237418,CLM-237418,HAS_CLAIM,61380,0.7672,0.6439,05/01/2015,08/01/2015,05/01/2015,1,3
POL-335780,CLM-335780,HAS_CLAIM,71280,0.891,0.7209,05/01/2015,05/01/2015,05/01/2015,3,1
POL-491392,CLM-491392,HAS_CLAIM,64000,0.8,0.7148,04/01/2015,02/01/2015,04/01/2015,3,2
POL-140880,CLM-140880,HAS_CLAIM,5940,0.0742,0.0627,05/01/2015,03/01/2015,05/01/2015,2,3
POL-962591,CLM-962591,HAS_CLAIM,6700,0.0838,0.0794,09/01/2015,09/01/2015,09/01/2015,1,1
POL-922565,CLM-922565,HAS_CLAIM,51740,0.6468,0.6348,06/01/2015,09/01/2015,06/01/2015,2,2
POL-288580,CLM-288580,HAS_CLAIM,53600,0.67,0.6492,03/01/2015,07/01/2015,03/01/2015,3,3
POL-154280,CLM-154280,HAS_CLAIM,44910,0.5614,0.5154,06/01/2015,07/01/2015,06/01/2015,2,3
POL-425973,CLM-425973,HAS_CLAIM,48100,0.6012,0.5134,04/01/2015,02/01/2015,04/01/2015,2,3
POL-477177,CLM-477177,HAS_CLAIM,6100,0.0762,0.073,08/01/2015,02/01/2015,08/01/2015,2,1
POL-648509,CLM-648509,HAS_CLAIM,79600,0.995,0.8647,08/01/2015,03/01/2015,08/01/2015,2,2
POL-914815,CLM-914815,HAS_CLAIM,77040,0.963,0.8915,05/01/2015,03/01/2015,05/01/2015,1,2
POL-249048,CLM-249048,HAS_CLAIM,62590,0.7824,0.7332,01/01/2015,04/01/2015,01/01/2015,2,2
POL-144323,CLM-144323,HAS_CLAIM,85150,1.0,0.8483,04/01/2015,03/01/2015,04/01/2015,2,2
POL-651861,CLM-651861,HAS_CLAIM,4950,0.0619,0.061,08/01/2015,02/01/2015,08/01/2015,1,1
POL-125324,CLM-125324,HAS_CLAIM,51100,0.6388,0.5191,07/01/2015,05/01/2015,07/01/2015,1,1
POL-398102,CLM-398102,HAS_CLAIM,100800,1.0,0.8275,08/01/2015,03/01/2015,08/01/2015,3,1
POL-514065,CLM-514065,HAS_CLAIM,90970,1.0,0.9118,07/01/2015,06/01/2015,07/01/2015,3,1
POL-391652,CLM-391652,HAS_CLAIM,81840,1.0,0.8702,09/01/2015,03/01/2015,09/01/2015,3,3
POL-922167,CLM-922167,HAS_CLAIM,54900,0.6862,0.5976,08/01/2015,07/01/2015,08/01/2015,1,3
POL-442795,CLM-442795,HAS_CLAIM,88660,1.0,0.9353,05/01/2015,02/01/2015,05/01/2015,2,1
POL-226330,CLM-226330,HAS_CLAIM,18000,0.225,0.211,01/01/2015,02/01/2015,01/01/2015,2,3
POL-134430,CLM-134430,HAS_CLAIM,5500,0.0688,0.0638,05/01/2015,08/01/2015,05/01/2015,1,3
POL-524230,CLM-524230,HAS_CLAIM,73920,0.924,0.7946,03/01/2015,09/01/2015,03/01/2015,1,3
POL-438817,CLM-438817,HAS_CLAIM,101860,1.0,0.8687,01/01/2015,03/01/2015,01/01/2015,2,1
POL-293794,CLM-293794,HAS_CLAIM,5390,0.0674,0.0628,08/01/2015,06/01/2015,08/01/2015,1,3
POL-868283,CLM-868283,HAS_CLAIM,50490,0.6311,0.626,07/01/2015,05/01/2015,07/01/2015,3,1
POL-828890,CLM-828890,HAS_CLAIM,55500,0.6938,0.5681,08/01/2015,07/01/2015,08/01/2015,2,2
POL-882920,CLM-882920,HAS_CLAIM,7040,0.088,0.0741,06/01/2015,06/01/2015,06/01/2015,1,1
POL-918777,CLM-918777,HAS_CLAIM,40160,0.502,0.4244,02/01/2015,08/01/2015,02/01/2015,1,3
POL-212580,CLM-212580,HAS_CLAIM,55680,0.696,0.5658,05/01/2015,05/01/2015,05/01/2015,3,1
POL-602410,CLM-602410,HAS_CLAIM,5300,0.0662,0.065,08/01/2015,05/01/2015,08/01/2015,3,3
POL-976971,CLM-976971,HAS_CLAIM,5200,0.065,0.0598,06/01/2015,07/01/2015,06/01/2015,3,2
POL-630226,CLM-630226,HAS_CLAIM,59400,0.7425,0.7086,04/01/2015,06/01/2015,04/01/2015,3,2
POL-171254,CLM-171254,HAS_CLAIM,2520,0.0315,0.0295,05/01/2015,04/01/2015,05/01/2015,2,1
POL-247116,CLM-247116,HAS_CLAIM,5760,0.072,0.0675,02/01/2015,03/01/2015,02/01/2015,3,1
POL-505969,CLM-505969,HAS_CLAIM,76700,0.9588,0.9251,02/01/2015,06/01/2015,02/01/2015,2,2
POL-653864,CLM-653864,HAS_CLAIM,5920,0.074,0.0703,06/01/2015,06/01/2015,06/01/2015,1,3
POL-586367,CLM-586367,HAS_CLAIM,64350,0.8044,0.7433,08/01/2015,05/01/2015,08/01/2015,2,1
POL-896890,CLM-896890,HAS_CLAIM,19080,0.2385,0.2305,04/01/2015,05/01/2015,04/01/2015,1,2
POL-650026,CLM-650026,HAS_CLAIM,54400,0.68,0.589,04/01/2015,02/01/2015,04/01/2015,1,3
POL-547744,CLM-547744,HAS_CLAIM,59800,0.7475,0.6098,01/01/2015,02/01/2015,01/01/2015,1,2
POL-598124,CLM-598124,HAS_CLAIM,72000,0.9,0.8499,01/01/2015,09/01/2015,01/01/2015,2,3
POL-436126,CLM-436126,HAS_CLAIM,65070,0.8134,0.7981,01/01/2015,02/01/2015,01/01/2015,2,3
POL-739447,CLM-739447,HAS_CLAIM,8800,0.11,0.0905,01/01/2015,09/01/2015,01/01/2015,1,3
POL-427484,CLM-427484,HAS_CLAIM,6120,0.0765,0.0649,05/01/2015,06/01/2015,05/01/2015,2,2
POL-218684,CLM-218684,HAS_CLAIM,7080,0.0885,0.077,01/01/2015,02/01/2015,01/01/2015,1,1
POL-565564,CLM-565564,HAS_CLAIM,34320,0.429,0.3457,07/01/2015,04/01/2015,07/01/2015,2,1
POL-743163,CLM-743163,HAS_CLAIM,53460,0.6682,0.6674,06/01/2015,07/01/2015,06/01/2015,1,2
POL-604614,CLM-604614,HAS_CLAIM,81360,1.0,0.8334,07/01/2015,08/01/2015,07/01/2015,1,1
POL-509928,CLM-509928,HAS_CLAIM,81070,1.0,0.8716,06/01/2015,04/01/2015,06/01/2015,2,3
POL-593390,CLM-593390,HAS_CLAIM,63120,0.789,0.7708,09/01/2015,09/01/2015,09/01/2015,3,2
POL-970607,CLM-970607,HAS_CLAIM,7200,0.09,0.0867,03/01/2015,01/01/2015,03/01/2015,3,2
POL-174701,CLM-174701,HAS_CLAIM,70290,0.8786,0.7291,04/01/2015,06/01/2015,04/01/2015,3,2
POL-529398,CLM-529398,HAS_CLAIM,60190,0.7524,0.6672,05/01/2015,03/01/2015,05/01/2015,2,2
POL-940942,CLM-940942,HAS_CLAIM,61380,0.7672,0.7174,05/01/2015,01/01/2015,05/01/2015,3,3
POL-442677,CLM-442677,HAS_CLAIM,28100,0.3512,0.3446,06/01/2015,04/01/2015,06/01/2015,2,3
POL-365364,CLM-365364,HAS_CLAIM,49060,0.6132,0.5894,04/01/2015,09/01/2015,04/01/2015,3,2
POL-114839,CLM-114839,HAS_CLAIM,57060,0.7133,0.6197,09/01/2015,09/01/2015,09/01/2015,3,1
POL-872734,CLM-872734,HAS_CLAIM,77880,0.9735,0.9135,06/01/2015,02/01/2015,06/01/2015,2,3
POL-267885,CLM-267885,HAS_CLAIM,73500,0.9188,0.8313,07/01/2015,04/01/2015,07/01/2015,3,3
POL-740505,CLM-740505,HAS_CLAIM,88920,1.0,0.8992,06/01/2015,08/01/2015,06/01/2015,2,2
POL-629663,CLM-629663,HAS_CLAIM,47630,0.5954,0.5393,04/01/2015,07/01/2015,04/01/2015,2,3
POL-839884,CLM-839884,HAS_CLAIM,59040,0.738,0.6722,06/01/2015,09/01/2015,06/01/2015,1,3
POL-241562,CLM-241562,HAS_CLAIM,79530,0.9941,0.9299,03/01/2015,05/01/2015,03/01/2015,2,3
POL-405533,CLM-405533,HAS_CLAIM,53680,0.671,0.5836,04/01/2015,02/01/2015,04/01/2015,1,2
POL-667021,CLM-667021,HAS_CLAIM,33550,0.4194,0.3642,03/01/2015,09/01/2015,03/01/2015,3,3
POL-511621,CLM-511621,HAS_CLAIM,69100,0.8638,0.7049,07/01/2015,05/01/2015,07/01/2015,1,1
POL-476923,CLM-476923,HAS_CLAIM,79750,0.9969,0.9235,07/01/2015,08/01/2015,07/01/2015,3,1
POL-735822,CLM-735822,HAS_CLAIM,53600,0.67,0.5938,01/01/2015,02/01/2015,01/01/2015,2,1
POL-492745,CLM-492745,HAS_CLAIM,76560,0.957,0.7734,01/01/2015,05/01/2015,01/01/2015,1,2
POL-130930,CLM-130930,HAS_CLAIM,41130,0.5141,0.4733,01/01/2015,07/01/2015,01/01/2015,3,1
POL-261119,CLM-261119,HAS_CLAIM,78650,0.9831,0.9652,05/01/2015,03/01/2015,05/01/2015,1,1
POL-280709,CLM-280709,HAS_CLAIM,71060,0.8882,0.7249,08/01/2015,03/01/2015,08/01/2015,3,1
POL-898573,CLM-898573,HAS_CLAIM,38830,0.4854,0.4109,01/01/2015,01/01/2015,01/01/2015,3,2
POL-547802,CLM-547802,HAS_CLAIM,53500,0.6688,0.5476,02/01/2015,02/01/2015,02/01/2015,1,2
POL-600845,CLM-600845,HAS_CLAIM,73700,0.9212,0.8248,02/01/2015,05/01/2015,02/01/2015,1,1
POL-390381,CLM-390381,HAS_CLAIM,6300,0.0788,0.0773,01/01/2015,09/01/2015,01/01/2015,1,3
POL-629918,CLM-629918,HAS_CLAIM,65400,0.8175,0.7038,04/01/2015,04/01/2015,04/01/2015,1,3
POL-208298,CLM-208298,HAS_CLAIM,3200,0.04,0.0386,05/01/2015,04/01/2015,05/01/2015,2,3
POL-513099,CLM-513099,HAS_CLAIM,75400,0.9425,0.8129,06/01/2015,04/01/2015,06/01/2015,2,1
POL-184938,CLM-184938,HAS_CLAIM,58140,0.7268,0.6809,07/01/2015,06/01/2015,07/01/2015,3,2
POL-187775,CLM-187775,HAS_CLAIM,98670,1.0,0.9377,02/01/2015,05/01/2015,02/01/2015,1,3
POL-326322,CLM-326322,HAS_CLAIM,5900,0.0738,0.0694,02/01/2015,01/01/2015,02/01/2015,1,2
POL-146138,CLM-146138,HAS_CLAIM,64100,0.8012,0.789,09/01/2015,02/01/2015,09/01/2015,3,2
POL-336047,CLM-336047,HAS_CLAIM,55440,0.693,0.6123,07/01/2015,02/01/2015,07/01/2015,1,1
POL-532330,CLM-532330,HAS_CLAIM,80850,1.0,0.8948,06/01/2015,03/01/2015,06/01/2015,3,2
POL-118137,CLM-118137,HAS_CLAIM,7480,0.0935,0.085,02/01/2015,08/01/2015,02/01/2015,1,2
POL-212674,CLM-212674,HAS_CLAIM,53640,0.6705,0.5508,02/01/2015,03/01/2015,02/01/2015,2,3
POL-935596,CLM-935596,HAS_CLAIM,63250,0.7906,0.7045,09/01/2015,09/01/2015,09/01/2015,3,2
POL-737593,CLM-737593,HAS_CLAIM,59040,0.738,0.6269,02/01/2015,04/01/2015,02/01/2015,3,3
POL-812025,CLM-812025,HAS_CLAIM,50500,0.6312,0.5365,06/01/2015,07/01/2015,06/01/2015,3,3
POL-168151,CLM-168151,HAS_CLAIM,57690,0.7211,0.5906,09/01/2015,01/01/2015,09/01/2015,3,3
POL-594739,CLM-594739,HAS_CLAIM,5940,0.0742,0.0719,04/01/2015,04/01/2015,04/01/2015,1,3
POL-843227,CLM-843227,HAS_CLAIM,47790,0.5974,0.579,08/01/2015,01/01/2015,08/01/2015,3,1
POL-283925,CLM-283925,HAS_CLAIM,3850,0.0481,0.0449,05/01/2015,09/01/2015,05/01/2015,3,3
POL-475588,CLM-475588,HAS_CLAIM,59000,0.7375,0.7125,07/01/2015,08/01/2015,07/01/2015,1,2
POL-751905,CLM-751905,HAS_CLAIM,70600,0.8825,0.7721,07/01/2015,07/01/2015,07/01/2015,1,3
POL-226725,CLM-226725,HAS_CLAIM,61490,0.7686,0.6799,02/01/2015,05/01/2015,02/01/2015,2,1
POL-942504,CLM-942504,HAS_CLAIM,57640,0.7205,0.6804,05/01/2015,08/01/2015,05/01/2015,2,2
POL-395572,CLM-395572,HAS_CLAIM,6890,0.0861,0.0839,05/01/2015,08/01/2015,05/01/2015,3,3
POL-889883,CLM-889883,HAS_CLAIM,53280,0.666,0.555,08/01/2015,01/01/2015,08/01/2015,1,2
POL-818167,CLM-818167,HAS_CLAIM,78300,0.9788,0.8663,08/01/2015,01/01/2015,08/01/2015,2,3
POL-277767,CLM-277767,HAS_CLAIM,41490,0.5186,0.5065,07/01/2015,07/01/2015,07/01/2015,1,1
POL-842618,CLM-842618,HAS_CLAIM,68970,0.8621,0.7196,02/01/2015,08/01/2015,02/01/2015,3,1
POL-577810,CLM-577810,HAS_CLAIM,85300,1.0,0.8849,09/01/2015,07/01/2015,09/01/2015,3,2
POL-873114,CLM-873114,HAS_CLAIM,3080,0.0385,0.0348,07/01/2015,02/01/2015,07/01/2015,1,3
POL-994538,CLM-994538,HAS_CLAIM,71760,0.897,0.8119,09/01/2015,09/01/2015,09/01/2015,2,1
POL-727792,CLM-727792,HAS_CLAIM,59700,0.7462,0.6732,08/01/2015,04/01/2015,08/01/2015,3,3
POL-522506,CLM-522506,HAS_CLAIM,64920,0.8115,0.7764,01/01/2015,08/01/2015,01/01/2015,2,1
POL-367595,CLM-367595,HAS_CLAIM,37530,0.4691,0.4168,05/01/2015,07/01/2015,05/01/2015,3,1
POL-586104,CLM-586104,HAS_CLAIM,64080,0.801,0.6664,08/01/2015,03/01/2015,08/01/2015,3,3
POL-424862,CLM-424862,HAS_CLAIM,60390,0.7549,0.6929,07/01/2015,06/01/2015,07/01/2015,3,3
POL-512813,CLM-512813,HAS_CLAIM,64350,0.8044,0.7936,07/01/2015,01/01/2015,07/01/2015,2,2
POL-356768,CLM-356768,HAS_CLAIM,70900,0.8862,0.7841,07/01/2015,08/01/2015,07/01/2015,1,2
POL-330506,CLM-330506,HAS_CLAIM,46560,0.582,0.4928,09/01/2015,07/01/2015,09/01/2015,3,1
POL-779075,CLM-779075,HAS_CLAIM,4730,0.0591,0.0544,03/01/2015,08/01/2015,03/01/2015,3,2
POL-799501,CLM-799501,HAS_CLAIM,6820,0.0853,0.0756,01/01/2015,02/01/2015,01/01/2015,2,1
POL-987905,CLM-987905,HAS_CLAIM,59900,0.7488,0.6021,06/01/2015,07/01/2015,06/01/2015,2,1
POL-967756,CLM-967756,HAS_CLAIM,79560,0.9945,0.9635,03/01/2015,03/01/2015,03/01/2015,3,2
POL-830414,CLM-830414,HAS_CLAIM,70290,0.8786,0.8651,06/01/2015,02/01/2015,06/01/2015,1,1
POL-127313,CLM-127313,HAS_CLAIM,63910,0.7989,0.7346,07/01/2015,08/01/2015,07/01/2015,2,3
POL-786957,CLM-786957,HAS_CLAIM,6400,0.08,0.0792,06/01/2015,03/01/2015,06/01/2015,3,2
POL-332892,CLM-332892,HAS_CLAIM,66780,0.8348,0.7406,06/01/2015,01/01/2015,06/01/2015,1,2
POL-448642,CLM-448642,HAS_CLAIM,8760,0.1095,0.0984,01/01/2015,05/01/2015,01/01/2015,3,3
POL-526039,CLM-526039,HAS_CLAIM,94160,1.0,0.8119,09/01/2015,09/01/2015,09/01/2015,3,1
POL-444422,CLM-444422,HAS_CLAIM,51570,0.6446,0.5589,02/01/2015,09/01/2015,02/01/2015,2,1
POL-689500,CLM-689500,HAS_CLAIM,52700,0.6587,0.6208,05/01/2015,09/01/2015,05/01/2015,2,1
POL-806081,CLM-806081,HAS_CLAIM,101010,1.0,0.9442,03/01/2015,07/01/2015,03/01/2015,2,1
POL-384618,CLM-384618,HAS_CLAIM,53400,0.6675,0.6437,04/01/2015,09/01/2015,04/01/2015,3,2
POL-756459,CLM-756459,HAS_CLAIM,72120,0.9015,0.8185,04/01/2015,01/01/2015,04/01/2015,3,3
POL-655787,CLM-655787,HAS_CLAIM,77100,0.9638,0.9479,01/01/2015,05/01/2015,01/01/2015,1,2
POL-419954,CLM-419954,HAS_CLAIM,3300,0.0412,0.034,03/01/2015,02/01/2015,03/01/2015,2,1
POL-275092,CLM-275092,HAS_CLAIM,5940,0.0742,0.0694,03/01/2015,09/01/2015,03/01/2015,2,3
POL-515698,CLM-515698,HAS_CLAIM,63720,0.7965,0.7525,08/01/2015,07/01/2015,08/01/2015,1,1
POL-132871,CLM-132871,HAS_CLAIM,7680,0.096,0.0853,07/01/2015,04/01/2015,07/01/2015,3,1
POL-714929,CLM-714929,HAS_CLAIM,93730,1.0,0.9353,05/01/2015,01/01/2015,05/01/2015,1,3
POL-297816,CLM-297816,HAS_CLAIM,87300,1.0,0.82,01/01/2015,04/01/2015,01/01/2015,1,2
POL-426708,CLM-426708,HAS_CLAIM,5670,0.0709,0.0592,06/01/2015,03/01/2015,06/01/2015,2,2
POL-615047,CLM-615047,HAS_CLAIM,65800,0.8225,0.7831,05/01/2015,07/01/2015,05/01/2015,1,3
POL-771236,CLM-771236,HAS_CLAIM,36720,0.459,0.3929,08/01/2015,05/01/2015,08/01/2015,3,3
POL-235869,CLM-235869,HAS_CLAIM,52800,0.66,0.5582,04/01/2015,06/01/2015,04/01/2015,2,3
POL-931625,CLM-931625,HAS_CLAIM,59100,0.7388,0.7056,09/01/2015,07/01/2015,09/01/2015,1,3
POL-371635,CLM-371635,HAS_CLAIM,77440,0.968,0.9525,07/01/2015,05/01/2015,07/01/2015,1,2
POL-427199,CLM-427199,HAS_CLAIM,45700,0.5712,0.5176,03/01/2015,07/01/2015,03/01/2015,3,2
POL-261315,CLM-261315,HAS_CLAIM,80740,1.0,0.8077,03/01/2015,08/01/2015,03/01/2015,3,1
POL-582973,CLM-582973,HAS_CLAIM,31350,0.3919,0.3529,02/01/2015,05/01/2015,02/01/2015,3,3
POL-278091,CLM-278091,HAS_CLAIM,35000,0.4375,0.4244,05/01/2015,02/01/2015,05/01/2015,1,2
POL-153154,CLM-153154,HAS_CLAIM,68000,0.85,0.6954,01/01/2015,02/01/2015,01/01/2015,3,3
POL-515217,CLM-515217,HAS_CLAIM,84500,1.0,0.8584,06/01/2015,07/01/2015,06/01/2015,3,1
POL-860497,CLM-860497,HAS_CLAIM,75500,0.9438,0.7838,02/01/2015,01/01/2015,02/01/2015,2,3
POL-351741,CLM-351741,HAS_CLAIM,90600,1.0,0.829,04/01/2015,06/01/2015,04/01/2015,2,2
POL-403737,CLM-403737,HAS_CLAIM,64320,0.804,0.7409,02/01/2015,04/01/2015,02/01/2015,1,2
POL-162004,CLM-162004,HAS_CLAIM,31700,0.3962,0.3362,09/01/2015,01/01/2015,09/01/2015,3,3
POL-740384,CLM-740384,HAS_CLAIM,74280,0.9285,0.7981,07/01/2015,07/01/2015,07/01/2015,1,2
POL-876714,CLM-876714,HAS_CLAIM,80520,1.0,0.8092,07/01/2015,05/01/2015,07/01/2015,2,2
POL-951543,CLM-951543,HAS_CLAIM,63600,0.795,0.744,01/01/2015,01/01/2015,01/01/2015,1,1
POL-576723,CLM-576723,HAS_CLAIM,32800,0.41,0.3733,05/01/2015,08/01/2015,05/01/2015,2,3
POL-391003,CLM-391003,HAS_CLAIM,44190,0.5524,0.5287,08/01/2015,01/01/2015,08/01/2015,2,3
POL-225865,CLM-225865,HAS_CLAIM,50400,0.63,0.5339,05/01/2015,04/01/2015,05/01/2015,2,1
POL-984948,CLM-984948,HAS_CLAIM,88400,1.0,0.8493,08/01/2015,05/01/2015,08/01/2015,1,2
POL-890328,CLM-890328,HAS_CLAIM,66550,0.8319,0.6876,04/01/2015,03/01/2015,04/01/2015,2,3
POL-803294,CLM-803294,HAS_CLAIM,65780,0.8222,0.7173,04/01/2015,06/01/2015,04/01/2015,3,2
POL-414913,CLM-414913,HAS_CLAIM,51810,0.6476,0.5661,09/01/2015,02/01/2015,09/01/2015,1,2
POL-414519,CLM-414519,HAS_CLAIM,55660,0.6958,0.6093,02/01/2015,08/01/2015,02/01/2015,3,3
POL-818413,CLM-818413,HAS_CLAIM,44640,0.558,0.467,05/01/2015,01/01/2015,05/01/2015,3,1
POL-487356,CLM-487356,HAS_CLAIM,77660,0.9708,0.895,08/01/2015,02/01/2015,08/01/2015,3,1
POL-159768,CLM-159768,HAS_CLAIM,5640,0.0705,0.058,09/01/2015,09/01/2015,09/01/2015,1,1
POL-865839,CLM-865839,HAS_CLAIM,3190,0.0399,0.0346,06/01/2015,02/01/2015,06/01/2015,3,2
POL-406567,CLM-406567,HAS_CLAIM,53440,0.668,0.6133,03/01/2015,06/01/2015,03/01/2015,1,3
POL-623032,CLM-623032,HAS_CLAIM,65250,0.8156,0.7746,05/01/2015,09/01/2015,05/01/2015,1,1
POL-935442,CLM-935442,HAS_CLAIM,44280,0.5535,0.5124,08/01/2015,02/01/2015,08/01/2015,2,2
POL-106873,CLM-106873,HAS_CLAIM,70290,0.8786,0.737,05/01/2015,04/01/2015,05/01/2015,3,2
POL-563878,CLM-563878,HAS_CLAIM,87100,1.0,0.817,05/01/2015,07/01/2015,05/01/2015,2,1
POL-620855,CLM-620855,HAS_CLAIM,50380,0.6298,0.611,03/01/2015,09/01/2015,03/01/2015,3,1
POL-583169,CLM-583169,HAS_CLAIM,64800,0.81,0.6809,01/01/2015,03/01/2015,01/01/2015,3,3
POL-337677,CLM-337677,HAS_CLAIM,70400,0.88,0.7567,04/01/2015,07/01/2015,04/01/2015,3,3
POL-445973,CLM-445973,HAS_CLAIM,57860,0.7232,0.6416,06/01/2015,08/01/2015,06/01/2015,3,2
POL-156694,CLM-156694,HAS_CLAIM,6240,0.078,0.072,05/01/2015,01/01/2015,05/01/2015,3,1
POL-421940,CLM-421940,HAS_CLAIM,66600,0.8325,0.7035,05/01/2015,08/01/2015,05/01/2015,2,2
POL-613226,CLM-613226,HAS_CLAIM,70920,0.8865,0.8503,02/01/2015,05/01/2015,02/01/2015,1,2
POL-804410,CLM-804410,HAS_CLAIM,39480,0.4935,0.4823,01/01/2015,03/01/2015,01/01/2015,3,3
POL-553565,CLM-553565,HAS_CLAIM,63240,0.7905,0.7408,03/01/2015,02/01/2015,03/01/2015,2,2
POL-399524,CLM-399524,HAS_CLAIM,67650,0.8456,0.8212,04/01/2015,06/01/2015,04/01/2015,2,2
POL-331595,CLM-331595,HAS_CLAIM,74200,0.9275,0.8653,09/01/2015,04/01/2015,09/01/2015,2,1
POL-380067,CLM-380067,HAS_CLAIM,64900,0.8112,0.7439,08/01/2015,02/01/2015,08/01/2015,3,1
POL-701521,CLM-701521,HAS_CLAIM,35900,0.4488,0.4025,04/01/2015,04/01/2015,04/01/2015,3,1
POL-360770,CLM-360770,HAS_CLAIM,52200,0.6525,0.6105,06/01/2015,07/01/2015,06/01/2015,1,2
POL-958785,CLM-958785,HAS_CLAIM,78000,0.975,0.8009,02/01/2015,03/01/2015,02/01/2015,2,3
POL-797934,CLM-797934,HAS_CLAIM,67200,0.84,0.6747,09/01/2015,06/01/2015,09/01/2015,2,2
POL-883980,CLM-883980,HAS_CLAIM,63250,0.7906,0.6557,07/01/2015,03/01/2015,07/01/2015,1,3
POL-340614,CLM-340614,HAS_CLAIM,68760,0.8595,0.7881,07/01/2015,07/01/2015,07/01/2015,2,1
POL-435784,CLM-435784,HAS_CLAIM,65040,0.813,0.8047,05/01/2015,01/01/2015,05/01/2015,2,1
POL-563837,CLM-563837,HAS_CLAIM,82800,1.0,0.9872,08/01/2015,03/01/2015,08/01/2015,2,1
POL-200827,CLM-200827,HAS_CLAIM,61700,0.7712,0.7103,08/01/2015,03/01/2015,08/01/2015,2,1
POL-533941,CLM-533941,HAS_CLAIM,78100,0.9762,0.8571,05/01/2015,02/01/2015,05/01/2015,3,1
POL-265026,CLM-265026,HAS_CLAIM,65520,0.819,0.7833,02/01/2015,07/01/2015,02/01/2015,1,3
POL-354481,CLM-354481,HAS_CLAIM,4500,0.0562,0.0488,04/01/2015,01/01/2015,04/01/2015,2,1
POL-566720,CLM-566720,HAS_CLAIM,42700,0.5337,0.4338,02/01/2015,09/01/2015,02/01/2015,2,2
POL-832746,CLM-832746,HAS_CLAIM,5580,0.0698,0.0621,04/01/2015,09/01/2015,04/01/2015,3,2
POL-386690,CLM-386690,HAS_CLAIM,3600,0.045,0.0437,06/01/2015,08/01/2015,06/01/2015,3,1
POL-979285,CLM-979285,HAS_CLAIM,2800,0.035,0.0316,02/01/2015,06/01/2015,02/01/2015,3,1
POL-594722,CLM-594722,HAS_CLAIM,54000,0.675,0.6537,09/01/2015,05/01/2015,09/01/2015,2,3
POL-216738,CLM-216738,HAS_CLAIM,48950,0.6119,0.5068,04/01/2015,09/01/2015,04/01/2015,2,3
POL-369048,CLM-369048,HAS_CLAIM,77800,0.9725,0.8975,01/01/2015,01/01/2015,01/01/2015,2,3
POL-514424,CLM-514424,HAS_CLAIM,52560,0.657,0.6233,03/01/2015,03/01/2015,03/01/2015,1,1
POL-954191,CLM-954191,HAS_CLAIM,44110,0.5514,0.5218,06/01/2015,04/01/2015,06/01/2015,3,3
POL-150181,CLM-150181,HAS_CLAIM,74360,0.9295,0.8345,09/01/2015,04/01/2015,09/01/2015,2,1
POL-388671,CLM-388671,HAS_CLAIM,6120,0.0765,0.0737,06/01/2015,06/01/2015,06/01/2015,2,3
POL-457244,CLM-457244,HAS_CLAIM,62280,0.7785,0.647,04/01/2015,09/01/2015,04/01/2015,1,2
POL-206667,CLM-206667,HAS_CLAIM,26730,0.3341,0.2738,05/01/2015,04/01/2015,05/01/2015,1,3
POL-745200,CLM-745200,HAS_CLAIM,66200,0.8275,0.753,07/01/2015,09/01/2015,07/01/2015,2,3
POL-412703,CLM-412703,HAS_CLAIM,45500,0.5688,0.5002,06/01/2015,05/01/2015,06/01/2015,2,1
POL-736771,CLM-736771,HAS_CLAIM,53040,0.663,0.6497,09/01/2015,04/01/2015,09/01/2015,2,3
POL-347984,CLM-347984,HAS_CLAIM,50800,0.635,0.6079,02/01/2015,02/01/2015,02/01/2015,2,2
POL-626074,CLM-626074,HAS_CLAIM,44200,0.5525,0.4909,06/01/2015,01/01/2015,06/01/2015,1,1
POL-218109,CLM-218109,HAS_CLAIM,62920,0.7865,0.7361,04/01/2015,07/01/2015,04/01/2015,2,1
POL-999435,CLM-999435,HAS_CLAIM,49950,0.6244,0.5539,09/01/2015,06/01/2015,09/01/2015,3,1
POL-858060,CLM-858060,HAS_CLAIM,56430,0.7054,0.6326,09/01/2015,08/01/2015,09/01/2015,3,1
POL-500384,CLM-500384,HAS_CLAIM,100210,1.0,0.9546,06/01/2015,04/01/2015,06/01/2015,2,2
POL-903785,CLM-903785,HAS_CLAIM,49140,0.6142,0.5355,03/01/2015,06/01/2015,03/01/2015,2,3
POL-873859,CLM-873859,HAS_CLAIM,66840,0.8355,0.7628,02/01/2015,02/01/2015,02/01/2015,1,3
POL-204294,CLM-204294,HAS_CLAIM,62460,0.7808,0.7312,08/01/2015,08/01/2015,08/01/2015,2,3
POL-467106,CLM-467106,HAS_CLAIM,62810,0.7851,0.7046,09/01/2015,05/01/2015,09/01/2015,1,3
POL-357713,CLM-357713,HAS_CLAIM,54160,0.677,0.6015,06/01/2015,06/01/2015,06/01/2015,1,1
POL-890026,CLM-890026,HAS_CLAIM,48400,0.605,0.5193,06/01/2015,05/01/2015,06/01/2015,3,1
POL-751612,CLM-751612,HAS_CLAIM,51480,0.6435,0.6243,01/01/2015,07/01/2015,01/01/2015,1,1
POL-876680,CLM-876680,HAS_CLAIM,51700,0.6462,0.6127,09/01/2015,04/01/2015,09/01/2015,3,3
POL-756981,CLM-756981,HAS_CLAIM,65520,0.819,0.7929,05/01/2015,06/01/2015,05/01/2015,3,2
POL-121439,CLM-121439,HAS_CLAIM,47700,0.5962,0.4866,02/01/2015,02/01/2015,02/01/2015,2,1
POL-411289,CLM-411289,HAS_CLAIM,5220,0.0652,0.0634,03/01/2015,01/01/2015,03/01/2015,1,3
POL-538466,CLM-538466,HAS_CLAIM,73320,0.9165,0.7436,09/01/2015,03/01/2015,09/01/2015,3,2
POL-932097,CLM-932097,HAS_CLAIM,74900,0.9362,0.8003,07/01/2015,02/01/2015,07/01/2015,1,2
POL-463727,CLM-463727,HAS_CLAIM,3190,0.0399,0.0323,06/01/2015,05/01/2015,06/01/2015,1,2
POL-552618,CLM-552618,HAS_CLAIM,76920,0.9615,0.9247,06/01/2015,01/01/2015,06/01/2015,3,3
POL-936638,CLM-936638,HAS_CLAIM,77990,0.9749,0.8145,09/01/2015,02/01/2015,09/01/2015,1,2
POL-348814,CLM-348814,HAS_CLAIM,59670,0.7459,0.6163,02/01/2015,03/01/2015,02/01/2015,1,1
POL-944102,CLM-944102,HAS_CLAIM,44880,0.561,0.5213,07/01/2015,09/01/2015,07/01/2015,2,1
POL-689901,CLM-689901,HAS_CLAIM,82830,1.0,0.9485,08/01/2015,04/01/2015,08/01/2015,3,1
POL-901083,CLM-901083,HAS_CLAIM,84480,1.0,0.9041,06/01/2015,04/01/2015,06/01/2015,2,2
POL-396224,CLM-396224,HAS_CLAIM,79800,0.9975,0.9098,03/01/2015,02/01/2015,03/01/2015,2,1
POL-682178,CLM-682178,HAS_CLAIM,53020,0.6627,0.6037,04/01/2015,06/01/2015,04/01/2015,2,1
POL-596298,CLM-596298,HAS_CLAIM,24200,0.3025,0.2441,09/01/2015,06/01/2015,09/01/2015,1,1
POL-253005,CLM-253005,HAS_CLAIM,43230,0.5404,0.4553,04/01/2015,09/01/2015,04/01/2015,1,3
POL-985924,CLM-985924,HAS_CLAIM,3190,0.0399,0.0394,02/01/2015,08/01/2015,02/01/2015,2,2
POL-631565,CLM-631565,HAS_CLAIM,5850,0.0731,0.0678,04/01/2015,01/01/2015,04/01/2015,3,1
POL-630998,CLM-630998,HAS_CLAIM,6820,0.0853,0.0833,05/01/2015,04/01/2015,05/01/2015,2,3
POL-926665,CLM-926665,HAS_CLAIM,69480,0.8685,0.7243,09/01/2015,06/01/2015,09/01/2015,2,2
POL-302669,CLM-302669,HAS_CLAIM,94560,1.0,0.8632,02/01/2015,08/01/2015,02/01/2015,1,1
POL-620020,CLM-620020,HAS_CLAIM,7800,0.0975,0.0858,09/01/2015,02/01/2015,09/01/2015,1,3
POL-439828,CLM-439828,HAS_CLAIM,61270,0.7659,0.7293,01/01/2015,08/01/2015,01/01/2015,3,2
POL-971295,CLM-971295,HAS_CLAIM,71440,0.893,0.7228,01/01/2015,08/01/2015,01/01/2015,1,2
POL-165565,CLM-165565,HAS_CLAIM,55600,0.695,0.6462,04/01/2015,02/01/2015,04/01/2015,1,3
POL-936543,CLM-936543,HAS_CLAIM,5000,0.0625,0.0506,09/01/2015,08/01/2015,09/01/2015,2,1
POL-296960,CLM-296960,HAS_CLAIM,95810,1.0,0.8017,02/01/2015,01/01/2015,02/01/2015,2,2
POL-501692,CLM-501692,HAS_CLAIM,69300,0.8662,0.8282,05/01/2015,04/01/2015,05/01/2015,3,3
POL-525224,CLM-525224,HAS_CLAIM,81120,1.0,0.9577,07/01/2015,01/01/2015,07/01/2015,3,3
POL-355085,CLM-355085,HAS_CLAIM,91260,1.0,0.8546,04/01/2015,06/01/2015,04/01/2015,2,1
POL-830729,CLM-830729,HAS_CLAIM,60600,0.7575,0.7098,05/01/2015,07/01/2015,05/01/2015,1,2
POL-651948,CLM-651948,HAS_CLAIM,64800,0.81,0.7224,03/01/2015,09/01/2015,03/01/2015,3,3
POL-424358,CLM-424358,HAS_CLAIM,66880,0.836,0.727,03/01/2015,08/01/2015,03/01/2015,1,3
POL-131478,CLM-131478,HAS_CLAIM,58200,0.7275,0.673,05/01/2015,01/01/2015,05/01/2015,2,2
POL-268833,CLM-268833,HAS_CLAIM,60570,0.7571,0.6869,03/01/2015,05/01/2015,03/01/2015,1,1
POL-287489,CLM-287489,HAS_CLAIM,69680,0.871,0.8229,02/01/2015,02/01/2015,02/01/2015,2,3
POL-808153,CLM-808153,HAS_CLAIM,55700,0.6962,0.5904,06/01/2015,03/01/2015,06/01/2015,2,2
POL-687639,CLM-687639,HAS_CLAIM,62370,0.7796,0.6898,08/01/2015,05/01/2015,08/01/2015,3,2
POL-497347,CLM-497347,HAS_CLAIM,54340,0.6792,0.612,04/01/2015,07/01/2015,04/01/2015,2,1
POL-439660,CLM-439660,HAS_CLAIM,55170,0.6896,0.5578,01/01/2015,01/01/2015,01/01/2015,3,1
POL-847123,CLM-847123,HAS_CLAIM,58500,0.7312,0.7149,02/01/2015,06/01/2015,02/01/2015,1,3
POL-172307,CLM-172307,HAS_CLAIM,59940,0.7492,0.7237,03/01/2015,02/01/2015,03/01/2015,1,3
POL-810189,CLM-810189,HAS_CLAIM,73400,0.9175,0.856,02/01/2015,07/01/2015,02/01/2015,1,3
POL-432068,CLM-432068,HAS_CLAIM,41850,0.5231,0.4652,09/01/2015,05/01/2015,09/01/2015,1,2
POL-903203,CLM-903203,HAS_CLAIM,6400,0.08,0.0651,06/01/2015,09/01/2015,06/01/2015,2,2
POL-253085,CLM-253085,HAS_CLAIM,3190,0.0399,0.0389,03/01/2015,04/01/2015,03/01/2015,3,2
POL-180720,CLM-180720,HAS_CLAIM,5900,0.0738,0.0637,08/01/2015,09/01/2015,08/01/2015,1,1
POL-492224,CLM-492224,HAS_CLAIM,57330,0.7166,0.6082,04/01/2015,06/01/2015,04/01/2015,1,3
POL-411477,CLM-411477,HAS_CLAIM,81960,1.0,0.8562,05/01/2015,04/01/2015,05/01/2015,2,3
POL-107181,CLM-107181,HAS_CLAIM,70400,0.88,0.7146,02/01/2015,04/01/2015,02/01/2015,2,1
POL-312940,CLM-312940,HAS_CLAIM,3770,0.0471,0.0428,02/01/2015,08/01/2015,02/01/2015,2,1
POL-855186,CLM-855186,HAS_CLAIM,7400,0.0925,0.077,05/01/2015,07/01/2015,05/01/2015,2,2
POL-373935,CLM-373935,HAS_CLAIM,54810,0.6851,0.5485,07/01/2015,09/01/2015,07/01/2015,1,1
POL-812989,CLM-812989,HAS_CLAIM,49400,0.6175,0.523,02/01/2015,05/01/2015,02/01/2015,3,1
POL-993840,CLM-993840,HAS_CLAIM,68750,0.8594,0.8005,04/01/2015,02/01/2015,04/01/2015,1,3
POL-327856,CLM-327856,HAS_CLAIM,61500,0.7688,0.641,04/01/2015,09/01/2015,04/01/2015,2,1
POL-506333,CLM-506333,HAS_CLAIM,76890,0.9611,0.9219,02/01/2015,08/01/2015,02/01/2015,2,3
POL-263159,CLM-263159,HAS_CLAIM,56070,0.7009,0.5851,06/01/2015,07/01/2015,06/01/2015,3,2
POL-372912,CLM-372912,HAS_CLAIM,56000,0.7,0.6679,06/01/2015,08/01/2015,06/01/2015,1,3
POL-552788,CLM-552788,HAS_CLAIM,4290,0.0536,0.0508,06/01/2015,08/01/2015,06/01/2015,3,3
POL-722747,CLM-722747,HAS_CLAIM,60750,0.7594,0.7116,04/01/2015,07/01/2015,04/01/2015,3,2
POL-248467,CLM-248467,HAS_CLAIM,48730,0.6091,0.4966,01/01/2015,01/01/2015,01/01/2015,3,3
POL-955953,CLM-955953,HAS_CLAIM,95150,1.0,0.9505,02/01/2015,01/01/2015,02/01/2015,1,1
POL-910622,CLM-910622,HAS_CLAIM,7480,0.0935,0.082,06/01/2015,07/01/2015,06/01/2015,3,1
POL-137675,CLM-137675,HAS_CLAIM,79800,0.9975,0.8223,04/01/2015,05/01/2015,04/01/2015,3,2
POL-343421,CLM-343421,HAS_CLAIM,103560,1.0,0.9559,01/01/2015,04/01/2015,01/01/2015,3,1
POL-413192,CLM-413192,HAS_CLAIM,79500,0.9938,0.8767,04/01/2015,05/01/2015,04/01/2015,3,1
POL-247801,CLM-247801,HAS_CLAIM,76230,0.9529,0.8415,01/01/2015,06/01/2015,01/01/2015,1,3
POL-171147,CLM-171147,HAS_CLAIM,59520,0.744,0.5965,05/01/2015,08/01/2015,05/01/2015,3,1
POL-431283,CLM-431283,HAS_CLAIM,47760,0.597,0.5418,05/01/2015,04/01/2015,05/01/2015,2,1
POL-461962,CLM-461962,HAS_CLAIM,84590,1.0,0.9353,01/01/2015,02/01/2015,01/01/2015,2,1
POL-149467,CLM-149467,HAS_CLAIM,61650,0.7706,0.7213,08/01/2015,08/01/2015,08/01/2015,3,2
POL-758740,CLM-758740,HAS_CLAIM,81400,1.0,0.9297,08/01/2015,04/01/2015,08/01/2015,2,1
POL-628337,CLM-628337,HAS_CLAIM,58410,0.7301,0.6865,09/01/2015,01/01/2015,09/01/2015,1,2
POL-574637,CLM-574637,HAS_CLAIM,38610,0.4826,0.4817,02/01/2015,04/01/2015,02/01/2015,3,1
POL-373600,CLM-373600,HAS_CLAIM,57600,0.72,0.6823,02/01/2015,04/01/2015,02/01/2015,3,1
POL-930032,CLM-930032,HAS_CLAIM,53190,0.6649,0.6117,01/01/2015,03/01/2015,01/01/2015,2,1
POL-396590,CLM-396590,HAS_CLAIM,58300,0.7288,0.6509,07/01/2015,05/01/2015,07/01/2015,1,2
POL-238412,CLM-238412,HAS_CLAIM,64620,0.8078,0.7287,06/01/2015,07/01/2015,06/01/2015,2,1
POL-484321,CLM-484321,HAS_CLAIM,90480,1.0,0.9413,09/01/2015,08/01/2015,09/01/2015,2,1
POL-795847,CLM-795847,HAS_CLAIM,7080,0.0885,0.0823,05/01/2015,06/01/2015,05/01/2015,1,3
POL-218456,CLM-218456,HAS_CLAIM,6490,0.0811,0.0718,06/01/2015,08/01/2015,06/01/2015,2,3
POL-792673,CLM-792673,HAS_CLAIM,55900,0.6988,0.5848,06/01/2015,05/01/2015,06/01/2015,1,3
POL-662256,CLM-662256,HAS_CLAIM,63800,0.7975,0.6448,08/01/2015,06/01/2015,08/01/2015,1,1
POL-971338,CLM-971338,HAS_CLAIM,58160,0.727,0.633,07/01/2015,02/01/2015,07/01/2015,1,1
POL-714738,CLM-714738,HAS_CLAIM,6300,0.0788,0.0643,07/01/2015,01/01/2015,07/01/2015,2,3
POL-753844,CLM-753844,HAS_CLAIM,104610,1.0,0.9397,04/01/2015,05/01/2015,04/01/2015,1,1
POL-976645,CLM-976645,HAS_CLAIM,69850,0.8731,0.7159,05/01/2015,09/01/2015,05/01/2015,3,3
POL-918037,CLM-918037,HAS_CLAIM,62900,0.7862,0.6369,06/01/2015,05/01/2015,06/01/2015,1,2
POL-996253,CLM-996253,HAS_CLAIM,59670,0.7459,0.6674,05/01/2015,09/01/2015,05/01/2015,3,3
POL-373731,CLM-373731,HAS_CLAIM,81500,1.0,0.8018,02/01/2015,01/01/2015,02/01/2015,1,1
POL-836272,CLM-836272,HAS_CLAIM,50000,0.625,0.5143,09/01/2015,05/01/2015,09/01/2015,1,3
POL-167231,CLM-167231,HAS_CLAIM,48290,0.6036,0.512,03/01/2015,08/01/2015,03/01/2015,1,2
POL-743330,CLM-743330,HAS_CLAIM,59070,0.7384,0.6735,02/01/2015,04/01/2015,02/01/2015,3,1
POL-807369,CLM-807369,HAS_CLAIM,63300,0.7912,0.7708,03/01/2015,02/01/2015,03/01/2015,1,2
POL-735307,CLM-735307,HAS_CLAIM,65780,0.8222,0.6623,07/01/2015,09/01/2015,07/01/2015,2,2
POL-789208,CLM-789208,HAS_CLAIM,75400,0.9425,0.8773,05/01/2015,02/01/2015,05/01/2015,1,1
POL-585324,CLM-585324,HAS_CLAIM,2250,0.0281,0.0255,06/01/2015,06/01/2015,06/01/2015,2,3
POL-498759,CLM-498759,HAS_CLAIM,54120,0.6765,0.6233,03/01/2015,07/01/2015,03/01/2015,1,1
POL-795004,CLM-795004,HAS_CLAIM,69480,0.8685,0.7129,01/01/2015,01/01/2015,01/01/2015,3,2
POL-203250,CLM-203250,HAS_CLAIM,66950,0.8369,0.7058,07/01/2015,06/01/2015,07/01/2015,2,3
POL-430794,CLM-430794,HAS_CLAIM,64100,0.8012,0.642,05/01/2015,05/01/2015,05/01/2015,3,1
POL-156636,CLM-156636,HAS_CLAIM,80280,1.0,0.8743,02/01/2015,03/01/2015,02/01/2015,1,3
POL-284143,CLM-284143,HAS_CLAIM,4680,0.0585,0.0557,02/01/2015,08/01/2015,02/01/2015,1,1
POL-740518,CLM-740518,HAS_CLAIM,39720,0.4965,0.4848,01/01/2015,01/01/2015,01/01/2015,2,3
POL-445289,CLM-445289,HAS_CLAIM,63580,0.7948,0.7287,07/01/2015,08/01/2015,07/01/2015,3,1
POL-599262,CLM-599262,HAS_CLAIM,73370,0.9171,0.7484,02/01/2015,06/01/2015,02/01/2015,3,2
POL-357949,CLM-357949,HAS_CLAIM,86790,1.0,0.853,07/01/2015,05/01/2015,07/01/2015,2,3
POL-493161,CLM-493161,HAS_CLAIM,49800,0.6225,0.578,07/01/2015,08/01/2015,07/01/2015,1,2
POL-320251,CLM-320251,HAS_CLAIM,77440,0.968,0.8444,02/01/2015,07/01/2015,02/01/2015,2,1
POL-231127,CLM-231127,HAS_CLAIM,42900,0.5362,0.5292,01/01/2015,02/01/2015,01/01/2015,3,1
POL-766193,CLM-766193,HAS_CLAIM,53820,0.6728,0.5948,01/01/2015,02/01/2015,01/01/2015,3,2
POL-555374,CLM-555374,HAS_CLAIM,57330,0.7166,0.641,09/01/2015,02/01/2015,09/01/2015,3,2
POL-491484,CLM-491484,HAS_CLAIM,53370,0.6671,0.616,03/01/2015,01/01/2015,03/01/2015,2,3
POL-925128,CLM-925128,HAS_CLAIM,62920,0.7865,0.6833,03/01/2015,08/01/2015,03/01/2015,2,2
POL-265093,CLM-265093,HAS_CLAIM,61600,0.77,0.676,05/01/2015,08/01/2015,05/01/2015,2,3
POL-267808,CLM-267808,HAS_CLAIM,74160,0.927,0.7629,03/01/2015,07/01/2015,03/01/2015,2,2
POL-116735,CLM-116735,HAS_CLAIM,80100,1.0,0.8372,02/01/2015,05/01/2015,02/01/2015,2,3
POL-963680,CLM-963680,HAS_CLAIM,6560,0.082,0.0726,07/01/2015,08/01/2015,07/01/2015,1,3
POL-445694,CLM-445694,HAS_CLAIM,58800,0.735,0.5995,09/01/2015,06/01/2015,09/01/2015,3,2
POL-215534,CLM-215534,HAS_CLAIM,53730,0.6716,0.5963,03/01/2015,05/01/2015,03/01/2015,3,1
POL-232854,CLM-232854,HAS_CLAIM,60600,0.7575,0.7173,07/01/2015,06/01/2015,07/01/2015,2,1
POL-168260,CLM-168260,HAS_CLAIM,35750,0.4469,0.43,09/01/2015,07/01/2015,09/01/2015,3,1
POL-538955,CLM-538955,HAS_CLAIM,42840,0.5355,0.5021,03/01/2015,06/01/2015,03/01/2015,1,1
POL-243226,CLM-243226,HAS_CLAIM,87960,1.0,0.9351,03/01/2015,08/01/2015,03/01/2015,2,2
POL-246435,CLM-246435,HAS_CLAIM,47800,0.5975,0.5378,02/01/2015,03/01/2015,02/01/2015,1,2
POL-582480,CLM-582480,HAS_CLAIM,3840,0.048,0.0456,08/01/2015,09/01/2015,08/01/2015,3,2
POL-345539,CLM-345539,HAS_CLAIM,77000,0.9625,0.9329,06/01/2015,08/01/2015,06/01/2015,3,2
POL-924318,CLM-924318,HAS_CLAIM,88110,1.0,0.8481,07/01/2015,03/01/2015,07/01/2015,2,1
POL-726880,CLM-726880,HAS_CLAIM,47740,0.5968,0.5197,03/01/2015,03/01/2015,03/01/2015,1,1
POL-190588,CLM-190588,HAS_CLAIM,58960,0.737,0.6053,07/01/2015,07/01/2015,07/01/2015,1,2
POL-246705,CLM-246705,HAS_CLAIM,2160,0.027,0.0256,07/01/2015,04/01/2015,07/01/2015,2,1
POL-619589,CLM-619589,HAS_CLAIM,6890,0.0861,0.0821,03/01/2015,05/01/2015,03/01/2015,1,2
POL-164988,CLM-164988,HAS_CLAIM,78870,0.9859,0.864,01/01/2015,09/01/2015,01/01/2015,2,2
POL-729534,CLM-729534,HAS_CLAIM,2700,0.0338,0.0323,09/01/2015,06/01/2015,09/01/2015,2,2
POL-505014,CLM-505014,HAS_CLAIM,75960,0.9495,0.8629,04/01/2015,05/01/2015,04/01/2015,3,3
POL-920826,CLM-920826,HAS_CLAIM,75570,0.9446,0.9333,05/01/2015,01/01/2015,05/01/2015,2,2
POL-534982,CLM-534982,HAS_CLAIM,90240,1.0,0.8745,08/01/2015,04/01/2015,08/01/2015,1,1
POL-110408,CLM-110408,HAS_CLAIM,80960,1.0,0.8989,02/01/2015,01/01/2015,02/01/2015,1,1
POL-283052,CLM-283052,HAS_CLAIM,79080,0.9885,0.8815,01/01/2015,09/01/2015,01/01/2015,1,3
POL-840806,CLM-840806,HAS_CLAIM,6820,0.0853,0.0716,01/01/2015,05/01/2015,01/01/2015,1,3
POL-382394,CLM-382394,HAS_CLAIM,62590,0.7824,0.7583,06/01/2015,07/01/2015,06/01/2015,1,2
POL-876699,CLM-876699,HAS_CLAIM,52400,0.655,0.5927,04/01/2015,09/01/2015,04/01/2015,1,2
POL-871432,CLM-871432,HAS_CLAIM,63580,0.7948,0.7547,03/01/2015,06/01/2015,03/01/2015,1,3
POL-379882,CLM-379882,HAS_CLAIM,61400,0.7675,0.7404,06/01/2015,07/01/2015,06/01/2015,1,2
POL-852002,CLM-852002,HAS_CLAIM,4700,0.0588,0.0476,08/01/2015,01/01/2015,08/01/2015,2,3
POL-372891,CLM-372891,HAS_CLAIM,74140,0.9268,0.8766,03/01/2015,07/01/2015,03/01/2015,1,1
POL-689034,CLM-689034,HAS_CLAIM,83160,1.0,0.8435,03/01/2015,07/01/2015,03/01/2015,2,1
POL-743092,CLM-743092,HAS_CLAIM,10790,0.1349,0.1256,09/01/2015,03/01/2015,09/01/2015,2,2
POL-599174,CLM-599174,HAS_CLAIM,48070,0.6009,0.5669,08/01/2015,07/01/2015,08/01/2015,3,3
POL-421092,CLM-421092,HAS_CLAIM,51030,0.6379,0.6322,01/01/2015,02/01/2015,01/01/2015,2,3
POL-349658,CLM-349658,HAS_CLAIM,43280,0.541,0.505,04/01/2015,04/01/2015,04/01/2015,2,1
POL-811042,CLM-811042,HAS_CLAIM,76400,0.955,0.9476,03/01/2015,09/01/2015,03/01/2015,1,2
POL-505316,CLM-505316,HAS_CLAIM,75460,0.9432,0.8115,03/01/2015,03/01/2015,03/01/2015,1,2
POL-116645,CLM-116645,HAS_CLAIM,69000,0.8625,0.8258,01/01/2015,07/01/2015,01/01/2015,2,2
POL-950880,CLM-950880,HAS_CLAIM,8640,0.108,0.1055,01/01/2015,09/01/2015,01/01/2015,1,1
POL-788502,CLM-788502,HAS_CLAIM,67210,0.8401,0.7016,08/01/2015,08/01/2015,08/01/2015,3,3
POL-627486,CLM-627486,HAS_CLAIM,42500,0.5312,0.47,05/01/2015,01/01/2015,05/01/2015,2,2
POL-498842,CLM-498842,HAS_CLAIM,86400,1.0,0.9455,09/01/2015,08/01/2015,09/01/2015,3,3
POL-550294,CLM-550294,HAS_CLAIM,4620,0.0578,0.0462,06/01/2015,08/01/2015,06/01/2015,3,1
POL-328387,CLM-328387,HAS_CLAIM,6930,0.0866,0.0858,08/01/2015,08/01/2015,08/01/2015,3,3
POL-540152,CLM-540152,HAS_CLAIM,41700,0.5212,0.4285,03/01/2015,08/01/2015,03/01/2015,1,1
POL-385932,CLM-385932,HAS_CLAIM,77330,0.9666,0.929,05/01/2015,06/01/2015,05/01/2015,2,3
POL-618682,CLM-618682,HAS_CLAIM,4950,0.0619,0.0547,04/01/2015,08/01/2015,04/01/2015,1,1
POL-550930,CLM-550930,HAS_CLAIM,5160,0.0645,0.0528,09/01/2015,01/01/2015,09/01/2015,3,2
POL-998192,CLM-998192,HAS_CLAIM,24570,0.3071,0.264,08/01/2015,04/01/2015,08/01/2015,3,1
POL-663938,CLM-663938,HAS_CLAIM,53680,0.671,0.6208,02/01/2015,07/01/2015,02/01/2015,1,1
POL-756870,CLM-756870,HAS_CLAIM,42900,0.5362,0.4399,03/01/2015,03/01/2015,03/01/2015,3,2
POL-337158,CLM-337158,HAS_CLAIM,84100,1.0,0.8371,06/01/2015,07/01/2015,06/01/2015,1,1
POL-919875,CLM-919875,HAS_CLAIM,61560,0.7695,0.6943,02/01/2015,04/01/2015,02/01/2015,2,2
POL-315631,CLM-315631,HAS_CLAIM,44240,0.553,0.4549,05/01/2015,08/01/2015,05/01/2015,1,1
POL-113464,CLM-113464,HAS_CLAIM,57700,0.7212,0.6342,06/01/2015,08/01/2015,06/01/2015,2,3
POL-556415,CLM-556415,HAS_CLAIM,108030,1.0,0.9064,03/01/2015,03/01/2015,03/01/2015,2,3
POL-250249,CLM-250249,HAS_CLAIM,54300,0.6788,0.6003,01/01/2015,08/01/2015,01/01/2015,2,2
POL-403776,CLM-403776,HAS_CLAIM,32280,0.4035,0.3944,06/01/2015,02/01/2015,06/01/2015,1,3
POL-396002,CLM-396002,HAS_CLAIM,84600,1.0,0.8831,09/01/2015,02/01/2015,09/01/2015,3,3
POL-976908,CLM-976908,HAS_CLAIM,69700,0.8712,0.7805,01/01/2015,01/01/2015,01/01/2015,3,3
POL-509489,CLM-509489,HAS_CLAIM,36400,0.455,0.4406,03/01/2015,08/01/2015,03/01/2015,1,2
POL-485295,CLM-485295,HAS_CLAIM,37520,0.469,0.4116,09/01/2015,04/01/2015,09/01/2015,1,1
POL-361829,CLM-361829,HAS_CLAIM,79090,0.9886,0.8654,07/01/2015,06/01/2015,07/01/2015,1,3
POL-603632,CLM-603632,HAS_CLAIM,67770,0.8471,0.8432,01/01/2015,02/01/2015,01/01/2015,3,3
POL-783494,CLM-783494,HAS_CLAIM,47400,0.5925,0.5199,07/01/2015,03/01/2015,07/01/2015,1,1
POL-439049,CLM-439049,HAS_CLAIM,71100,0.8888,0.8018,01/01/2015,09/01/2015,01/01/2015,2,1
POL-502634,CLM-502634,HAS_CLAIM,69400,0.8675,0.7778,05/01/2015,07/01/2015,05/01/2015,3,2
POL-378588,CLM-378588,HAS_CLAIM,55000,0.6875,0.553,09/01/2015,03/01/2015,09/01/2015,3,1
POL-794731,CLM-794731,HAS_CLAIM,51090,0.6386,0.5591,01/01/2015,03/01/2015,01/01/2015,2,3
POL-641934,CLM-641934,HAS_CLAIM,64200,0.8025,0.7317,03/01/2015,01/01/2015,03/01/2015,2,2
POL-113516,CLM-113516,HAS_CLAIM,67320,0.8415,0.835,03/01/2015,07/01/2015,03/01/2015,2,2
POL-425631,CLM-425631,HAS_CLAIM,76120,0.9515,0.7618,05/01/2015,09/01/2015,05/01/2015,3,1
POL-542245,CLM-542245,HAS_CLAIM,85020,1.0,0.8557,01/01/2015,03/01/2015,01/01/2015,3,3
POL-512894,CLM-512894,HAS_CLAIM,68090,0.8511,0.7183,07/01/2015,05/01/2015,07/01/2015,1,1
POL-633090,CLM-633090,HAS_CLAIM,6030,0.0754,0.0706,06/01/2015,04/01/2015,06/01/2015,3,3
POL-464234,CLM-464234,HAS_CLAIM,5100,0.0638,0.0628,05/01/2015,03/01/2015,05/01/2015,3,1
POL-290162,CLM-290162,HAS_CLAIM,4590,0.0574,0.0485,08/01/2015,04/01/2015,08/01/2015,2,1
POL-638155,CLM-638155,HAS_CLAIM,72400,0.905,0.8559,05/01/2015,04/01/2015,05/01/2015,1,3
POL-911429,CLM-911429,HAS_CLAIM,70900,0.8862,0.8313,08/01/2015,04/01/2015,08/01/2015,2,3
POL-106186,CLM-106186,HAS_CLAIM,65100,0.8138,0.6639,07/01/2015,01/01/2015,07/01/2015,1,1
POL-311783,CLM-311783,HAS_CLAIM,64260,0.8032,0.6979,06/01/2015,03/01/2015,06/01/2015,2,2
POL-528385,CLM-528385,HAS_CLAIM,79970,0.9996,0.9947,01/01/2015,04/01/2015,01/01/2015,1,3
POL-228403,CLM-228403,HAS_CLAIM,56610,0.7076,0.6718,01/01/2015,04/01/2015,01/01/2015,2,3
POL-209177,CLM-209177,HAS_CLAIM,84590,1.0,0.829,05/01/2015,05/01/2015,05/01/2015,2,1
POL-497929,CLM-497929,HAS_CLAIM,66780,0.8348,0.8273,02/01/2015,05/01/2015,02/01/2015,3,2
POL-735844,CLM-735844,HAS_CLAIM,58500,0.7312,0.7294,09/01/2015,07/01/2015,09/01/2015,2,3
POL-710741,CLM-710741,HAS_CLAIM,5000,0.0625,0.0574,09/01/2015,01/01/2015,09/01/2015,3,2
POL-276804,CLM-276804,HAS_CLAIM,5000,0.0625,0.0583,06/01/2015,07/01/2015,06/01/2015,2,3
POL-507545,CLM-507545,HAS_CLAIM,54450,0.6806,0.5673,07/01/2015,01/01/2015,07/01/2015,2,2
POL-485642,CLM-485642,HAS_CLAIM,61920,0.774,0.7639,07/01/2015,07/01/2015,07/01/2015,2,1
POL-796375,CLM-796375,HAS_CLAIM,43700,0.5462,0.4788,05/01/2015,05/01/2015,05/01/2015,1,2
POL-171183,CLM-171183,HAS_CLAIM,64080,0.801,0.7366,04/01/2015,04/01/2015,04/01/2015,1,2
POL-110084,CLM-110084,HAS_CLAIM,55000,0.6875,0.5885,01/01/2015,01/01/2015,01/01/2015,1,3
POL-714784,CLM-714784,HAS_CLAIM,4400,0.055,0.0445,02/01/2015,07/01/2015,02/01/2015,1,1
POL-143924,CLM-143924,HAS_CLAIM,71640,0.8955,0.7637,07/01/2015,06/01/2015,07/01/2015,2,3
POL-996850,CLM-996850,HAS_CLAIM,61740,0.7718,0.6757,06/01/2015,03/01/2015,06/01/2015,3,3
POL-284834,CLM-284834,HAS_CLAIM,57500,0.7188,0.7097,06/01/2015,04/01/2015,06/01/2015,3,2
POL-830878,CLM-830878,HAS_CLAIM,8700,0.1088,0.0902,07/01/2015,06/01/2015,07/01/2015,1,2
POL-270208,CLM-270208,HAS_CLAIM,77100,0.9638,0.7892,03/01/2015,08/01/2015,03/01/2015,2,2
POL-407958,CLM-407958,HAS_CLAIM,59400,0.7425,0.6747,04/01/2015,09/01/2015,04/01/2015,3,1
POL-832300,CLM-832300,HAS_CLAIM,54890,0.6861,0.5723,09/01/2015,07/01/2015,09/01/2015,3,2
POL-927205,CLM-927205,HAS_CLAIM,74030,0.9254,0.8354,09/01/2015,06/01/2015,09/01/2015,2,3
POL-655356,CLM-655356,HAS_CLAIM,61490,0.7686,0.658,08/01/2015,03/01/2015,08/01/2015,1,3
POL-831053,CLM-831053,HAS_CLAIM,79560,0.9945,0.8203,09/01/2015,05/01/2015,09/01/2015,3,1
POL-432740,CLM-432740,HAS_CLAIM,4900,0.0612,0.0513,09/01/2015,02/01/2015,09/01/2015,1,3
POL-893853,CLM-893853,HAS_CLAIM,77770,0.9721,0.7947,09/01/2015,03/01/2015,09/01/2015,1,2
POL-594988,CLM-594988,HAS_CLAIM,74700,0.9338,0.7684,08/01/2015,09/01/2015,08/01/2015,2,1
POL-979544,CLM-979544,HAS_CLAIM,40600,0.5075,0.4767,07/01/2015,06/01/2015,07/01/2015,1,1
POL-191891,CLM-191891,HAS_CLAIM,45270,0.5659,0.5402,06/01/2015,04/01/2015,06/01/2015,2,1
POL-831479,CLM-831479,HAS_CLAIM,47080,0.5885,0.5821,07/01/2015,08/01/2015,07/01/2015,1,1
POL-714346,CLM-714346,HAS_CLAIM,40700,0.5088,0.4734,04/01/2015,01/01/2015,04/01/2015,2,2
POL-326289,CLM-326289,HAS_CLAIM,34650,0.4331,0.4199,02/01/2015,01/01/2015,02/01/2015,2,1
POL-944537,CLM-944537,HAS_CLAIM,3200,0.04,0.0358,04/01/2015,07/01/2015,04/01/2015,1,2
POL-779156,CLM-779156,HAS_CLAIM,78980,0.9872,0.9235,07/01/2015,05/01/2015,07/01/2015,1,2
POL-856153,CLM-856153,HAS_CLAIM,6160,0.077,0.0697,01/01/2015,05/01/2015,01/01/2015,1,3
POL-473338,CLM-473338,HAS_CLAIM,85250,1.0,0.9458,07/01/2015,09/01/2015,07/01/2015,1,3
POL-521694,CLM-521694,HAS_CLAIM,72840,0.9105,0.8807,03/01/2015,09/01/2015,03/01/2015,3,2
POL-136520,CLM-136520,HAS_CLAIM,6050,0.0756,0.0684,03/01/2015,06/01/2015,03/01/2015,1,1
POL-730819,CLM-730819,HAS_CLAIM,87890,1.0,0.8504,01/01/2015,05/01/2015,01/01/2015,3,2
POL-912665,CLM-912665,HAS_CLAIM,60500,0.7562,0.6922,02/01/2015,09/01/2015,02/01/2015,1,2
POL-469966,CLM-469966,HAS_CLAIM,88220,1.0,0.9789,02/01/2015,08/01/2015,02/01/2015,2,3
POL-952300,CLM-952300,HAS_CLAIM,53680,0.671,0.6149,04/01/2015,06/01/2015,04/01/2015,3,3
POL-322609,CLM-322609,HAS_CLAIM,53800,0.6725,0.5984,09/01/2015,04/01/2015,09/01/2015,2,3
POL-890280,CLM-890280,HAS_CLAIM,54360,0.6795,0.6252,07/01/2015,02/01/2015,07/01/2015,3,3
POL-431583,CLM-431583,HAS_CLAIM,54340,0.6792,0.5862,01/01/2015,02/01/2015,01/01/2015,3,1
POL-155912,CLM-155912,HAS_CLAIM,2860,0.0357,0.0352,05/01/2015,09/01/2015,05/01/2015,1,2
POL-110143,CLM-110143,HAS_CLAIM,5490,0.0686,0.0567,08/01/2015,01/01/2015,08/01/2015,2,1
POL-808544,CLM-808544,HAS_CLAIM,7370,0.0921,0.0827,05/01/2015,05/01/2015,05/01/2015,1,1
POL-409074,CLM-409074,HAS_CLAIM,50800,0.635,0.522,08/01/2015,03/01/2015,08/01/2015,3,1
POL-824728,CLM-824728,HAS_CLAIM,41520,0.519,0.4719,02/01/2015,06/01/2015,02/01/2015,1,2
POL-606037,CLM-606037,HAS_CLAIM,89650,1.0,0.8818,01/01/2015,06/01/2015,01/01/2015,3,2
POL-636843,CLM-636843,HAS_CLAIM,39690,0.4961,0.4302,04/01/2015,05/01/2015,04/01/2015,3,3
POL-111874,CLM-111874,HAS_CLAIM,62260,0.7782,0.6875,09/01/2015,03/01/2015,09/01/2015,2,3
POL-439844,CLM-439844,HAS_CLAIM,51920,0.649,0.5863,01/01/2015,09/01/2015,01/01/2015,1,1
POL-463513,CLM-463513,HAS_CLAIM,53460,0.6682,0.5472,04/01/2015,01/01/2015,04/01/2015,2,1
POL-577858,CLM-577858,HAS_CLAIM,57100,0.7138,0.6595,06/01/2015,06/01/2015,06/01/2015,1,1
POL-607351,CLM-607351,HAS_CLAIM,77440,0.968,0.9027,02/01/2015,04/01/2015,02/01/2015,1,2
POL-682754,CLM-682754,HAS_CLAIM,68300,0.8538,0.8529,05/01/2015,08/01/2015,05/01/2015,2,2
POL-757352,CLM-757352,HAS_CLAIM,5060,0.0632,0.0618,09/01/2015,07/01/2015,09/01/2015,2,3
POL-307469,CLM-307469,HAS_CLAIM,59400,0.7425,0.5954,06/01/2015,05/01/2015,06/01/2015,1,3
POL-526296,CLM-526296,HAS_CLAIM,69930,0.8741,0.7127,04/01/2015,03/01/2015,04/01/2015,3,1
POL-658816,CLM-658816,HAS_CLAIM,77700,0.9712,0.818,09/01/2015,06/01/2015,09/01/2015,3,3
POL-913337,CLM-913337,HAS_CLAIM,68750,0.8594,0.8252,03/01/2015,06/01/2015,03/01/2015,3,3
POL-488464,CLM-488464,HAS_CLAIM,91080,1.0,0.9708,05/01/2015,01/01/2015,05/01/2015,1,2
POL-480094,CLM-480094,HAS_CLAIM,48360,0.6045,0.5882,05/01/2015,08/01/2015,05/01/2015,1,1
POL-263108,CLM-263108,HAS_CLAIM,95000,1.0,0.8627,02/01/2015,09/01/2015,02/01/2015,3,3
POL-298412,CLM-298412,HAS_CLAIM,3900,0.0488,0.0474,02/01/2015,07/01/2015,02/01/2015,3,2
POL-261905,CLM-261905,HAS_CLAIM,59400,0.7425,0.6081,05/01/2015,09/01/2015,05/01/2015,1,1
POL-674485,CLM-674485,HAS_CLAIM,60210,0.7526,0.6635,08/01/2015,09/01/2015,08/01/2015,3,2
POL-223404,CLM-223404,HAS_CLAIM,43600,0.545,0.5264,01/01/2015,08/01/2015,01/01/2015,2,1
POL-991480,CLM-991480,HAS_CLAIM,62800,0.785,0.6544,06/01/2015,09/01/2015,06/01/2015,2,1
POL-804219,CLM-804219,HAS_CLAIM,59500,0.7438,0.6636,04/01/2015,07/01/2015,04/01/2015,3,3
POL-483088,CLM-483088,HAS_CLAIM,53460,0.6682,0.6622,05/01/2015,01/01/2015,05/01/2015,3,1
POL-100804,CLM-100804,HAS_CLAIM,41690,0.5211,0.5037,08/01/2015,03/01/2015,08/01/2015,3,2
POL-941807,CLM-941807,HAS_CLAIM,63100,0.7887,0.7017,03/01/2015,01/01/2015,03/01/2015,1,3
POL-593466,CLM-593466,HAS_CLAIM,62880,0.786,0.6568,09/01/2015,04/01/2015,09/01/2015,2,2
POL-437442,CLM-437442,HAS_CLAIM,75400,0.9425,0.9174,04/01/2015,03/01/2015,04/01/2015,3,3
POL-942106,CLM-942106,HAS_CLAIM,46200,0.5775,0.5099,06/01/2015,03/01/2015,06/01/2015,2,2
POL-794951,CLM-794951,HAS_CLAIM,58500,0.7312,0.6462,02/01/2015,02/01/2015,02/01/2015,2,3
POL-182450,CLM-182450,HAS_CLAIM,66240,0.828,0.7129,07/01/2015,04/01/2015,07/01/2015,3,3
POL-730973,CLM-730973,HAS_CLAIM,65440,0.818,0.7216,08/01/2015,02/01/2015,08/01/2015,3,2
POL-687755,CLM-687755,HAS_CLAIM,64200,0.8025,0.7203,04/01/2015,08/01/2015,04/01/2015,3,3
POL-757644,CLM-757644,HAS_CLAIM,32320,0.404,0.3685,01/01/2015,01/01/2015,01/01/2015,1,1
POL-998865,CLM-998865,HAS_CLAIM,33480,0.4185,0.3407,06/01/2015,02/01/2015,06/01/2015,2,1
POL-944953,CLM-944953,HAS_CLAIM,4320,0.054,0.0494,04/01/2015,06/01/2015,04/01/2015,1,2
POL-386429,CLM-386429,HAS_CLAIM,4200,0.0525,0.0514,03/01/2015,09/01/2015,03/01/2015,1,3
POL-108270,CLM-108270,HAS_CLAIM,57970,0.7246,0.6558,07/01/2015,07/01/2015,07/01/2015,1,2
POL-205134,CLM-205134,HAS_CLAIM,4320,0.054,0.0506,08/01/2015,07/01/2015,08/01/2015,2,3
POL-749325,CLM-749325,HAS_CLAIM,69300,0.8662,0.7952,01/01/2015,04/01/2015,01/01/2015,1,2
POL-774303,CLM-774303,HAS_CLAIM,32480,0.406,0.372,09/01/2015,03/01/2015,09/01/2015,2,2
POL-698470,CLM-698470,HAS_CLAIM,60480,0.756,0.6933,05/01/2015,09/01/2015,05/01/2015,1,2
POL-719989,CLM-719989,HAS_CLAIM,2640,0.033,0.029,09/01/2015,08/01/2015,09/01/2015,1,2
POL-309323,CLM-309323,HAS_CLAIM,6050,0.0756,0.0753,09/01/2015,09/01/2015,09/01/2015,1,2
POL-444035,CLM-444035,HAS_CLAIM,42700,0.5337,0.4448,07/01/2015,08/01/2015,07/01/2015,3,3
POL-431478,CLM-431478,HAS_CLAIM,40260,0.5032,0.4073,09/01/2015,03/01/2015,09/01/2015,1,3
POL-797634,CLM-797634,HAS_CLAIM,50000,0.625,0.5955,07/01/2015,09/01/2015,07/01/2015,1,1
POL-284836,CLM-284836,HAS_CLAIM,3840,0.048,0.0446,06/01/2015,08/01/2015,06/01/2015,3,1
POL-238196,CLM-238196,HAS_CLAIM,95900,1.0,0.8026,07/01/2015,04/01/2015,07/01/2015,3,3
POL-885789,CLM-885789,HAS_CLAIM,56160,0.702,0.5724,03/01/2015,02/01/2015,03/01/2015,1,1
POL-287436,CLM-287436,HAS_CLAIM,63030,0.7879,0.7865,03/01/2015,05/01/2015,03/01/2015,2,2
POL-496067,CLM-496067,HAS_CLAIM,63470,0.7934,0.69,06/01/2015,03/01/2015,06/01/2015,1,3
POL-206004,CLM-206004,HAS_CLAIM,44440,0.5555,0.5328,09/01/2015,05/01/2015,09/01/2015,2,3
POL-153027,CLM-153027,HAS_CLAIM,6600,0.0825,0.0775,03/01/2015,06/01/2015,03/01/2015,1,1
POL-469426,CLM-469426,HAS_CLAIM,77200,0.965,0.7942,03/01/2015,07/01/2015,03/01/2015,3,1
POL-654974,CLM-654974,HAS_CLAIM,57000,0.7125,0.6016,09/01/2015,03/01/2015,09/01/2015,3,3
POL-943425,CLM-943425,HAS_CLAIM,2700,0.0338,0.0337,03/01/2015,02/01/2015,03/01/2015,1,2
POL-641845,CLM-641845,HAS_CLAIM,47300,0.5913,0.496,09/01/2015,08/01/2015,09/01/2015,1,2
POL-794534,CLM-794534,HAS_CLAIM,55110,0.6889,0.678,01/01/2015,07/01/2015,01/01/2015,2,2
POL-357808,CLM-357808,HAS_CLAIM,4320,0.054,0.0519,02/01/2015,05/01/2015,02/01/2015,3,2
POL-536052,CLM-536052,HAS_CLAIM,68760,0.8595,0.7292,09/01/2015,05/01/2015,09/01/2015,1,1
POL-873384,CLM-873384,HAS_CLAIM,74400,0.93,0.8315,04/01/2015,02/01/2015,04/01/2015,2,2
POL-790225,CLM-790225,HAS_CLAIM,35300,0.4412,0.4289,03/01/2015,07/01/2015,03/01/2015,3,2
POL-587498,CLM-587498,HAS_CLAIM,2640,0.033,0.0286,04/01/2015,01/01/2015,04/01/2015,3,2
POL-639027,CLM-639027,HAS_CLAIM,60190,0.7524,0.689,06/01/2015,04/01/2015,06/01/2015,1,3
POL-217899,CLM-217899,HAS_CLAIM,41580,0.5198,0.4943,04/01/2015,04/01/2015,04/01/2015,2,1
POL-589094,CLM-589094,HAS_CLAIM,58500,0.7312,0.5916,01/01/2015,03/01/2015,01/01/2015,2,1
POL-458829,CLM-458829,HAS_CLAIM,79320,0.9915,0.9299,07/01/2015,09/01/2015,07/01/2015,2,2
POL-626208,CLM-626208,HAS_CLAIM,82610,1.0,0.967,09/01/2015,09/01/2015,09/01/2015,1,1
POL-315041,CLM-315041,HAS_CLAIM,78600,0.9825,0.8337,09/01/2015,09/01/2015,09/01/2015,3,3
POL-283267,CLM-283267,HAS_CLAIM,51390,0.6424,0.6003,06/01/2015,01/01/2015,06/01/2015,2,3
POL-442494,CLM-442494,HAS_CLAIM,70200,0.8775,0.8075,07/01/2015,08/01/2015,07/01/2015,2,2
POL-159243,CLM-159243,HAS_CLAIM,4900,0.0612,0.0581,09/01/2015,01/01/2015,09/01/2015,1,3
POL-669800,CLM-669800,HAS_CLAIM,66480,0.831,0.7266,05/01/2015,01/01/2015,05/01/2015,3,3
POL-520179,CLM-520179,HAS_CLAIM,50380,0.6298,0.6017,07/01/2015,06/01/2015,07/01/2015,3,2
POL-607974,CLM-607974,HAS_CLAIM,64350,0.8044,0.7245,08/01/2015,02/01/2015,08/01/2015,2,1
POL-465065,CLM-465065,HAS_CLAIM,55400,0.6925,0.6013,07/01/2015,01/01/2015,07/01/2015,1,1
POL-369941,CLM-369941,HAS_CLAIM,49900,0.6238,0.5516,08/01/2015,03/01/2015,08/01/2015,2,2
POL-447226,CLM-447226,HAS_CLAIM,74880,0.936,0.93,09/01/2015,09/01/2015,09/01/2015,2,3
POL-831668,CLM-831668,HAS_CLAIM,105820,1.0,0.9735,01/01/2015,08/01/2015,01/01/2015,1,1
POL-922937,CLM-922937,HAS_CLAIM,7150,0.0894,0.0837,07/01/2015,05/01/2015,07/01/2015,2,1
POL-640474,CLM-640474,HAS_CLAIM,55800,0.6975,0.6859,05/01/2015,06/01/2015,05/01/2015,3,1
POL-153298,CLM-153298,HAS_CLAIM,5830,0.0729,0.0663,06/01/2015,02/01/2015,06/01/2015,3,1
POL-334749,CLM-334749,HAS_CLAIM,85900,1.0,0.9662,09/01/2015,03/01/2015,09/01/2015,2,1
POL-221283,CLM-221283,HAS_CLAIM,7110,0.0889,0.0738,04/01/2015,01/01/2015,04/01/2015,3,2
POL-961496,CLM-961496,HAS_CLAIM,36960,0.462,0.4482,08/01/2015,03/01/2015,08/01/2015,1,3
POL-804751,CLM-804751,HAS_CLAIM,64400,0.805,0.8049,05/01/2015,03/01/2015,05/01/2015,1,3
POL-369226,CLM-369226,HAS_CLAIM,1920,0.024,0.0202,05/01/2015,01/01/2015,05/01/2015,1,3
POL-691115,CLM-691115,HAS_CLAIM,86130,1.0,0.9264,06/01/2015,02/01/2015,06/01/2015,1,2
POL-713172,CLM-713172,HAS_CLAIM,82170,1.0,0.8291,08/01/2015,08/01/2015,08/01/2015,1,1
POL-621756,CLM-621756,HAS_CLAIM,50300,0.6288,0.5436,06/01/2015,06/01/2015,06/01/2015,2,1
POL-615116,CLM-615116,HAS_CLAIM,44200,0.5525,0.5482,03/01/2015,05/01/2015,03/01/2015,2,3
POL-947598,CLM-947598,HAS_CLAIM,66660,0.8332,0.7236,02/01/2015,06/01/2015,02/01/2015,2,1
POL-658002,CLM-658002,HAS_CLAIM,78320,0.979,0.8689,04/01/2015,05/01/2015,04/01/2015,2,2
POL-374545,CLM-374545,HAS_CLAIM,105040,1.0,0.8545,06/01/2015,02/01/2015,06/01/2015,2,2
POL-805806,CLM-805806,HAS_CLAIM,50700,0.6338,0.6127,04/01/2015,07/01/2015,04/01/2015,2,2
POL-235097,CLM-235097,HAS_CLAIM,51210,0.6401,0.6018,02/01/2015,05/01/2015,02/01/2015,1,3
POL-290971,CLM-290971,HAS_CLAIM,51840,0.648,0.5423,08/01/2015,09/01/2015,08/01/2015,1,3
POL-180286,CLM-180286,HAS_CLAIM,52800,0.66,0.6016,06/01/2015,08/01/2015,06/01/2015,2,1
POL-662088,CLM-662088,HAS_CLAIM,55200,0.69,0.6732,06/01/2015,03/01/2015,06/01/2015,2,1
POL-884365,CLM-884365,HAS_CLAIM,9100,0.1138,0.1054,06/01/2015,02/01/2015,06/01/2015,3,3
POL-178081,CLM-178081,HAS_CLAIM,67600,0.845,0.8185,03/01/2015,01/01/2015,03/01/2015,2,3
POL-507452,CLM-507452,HAS_CLAIM,40800,0.51,0.5001,09/01/2015,05/01/2015,09/01/2015,3,3
POL-990624,CLM-990624,HAS_CLAIM,84500,1.0,0.9663,08/01/2015,07/01/2015,08/01/2015,2,3
POL-892148,CLM-892148,HAS_CLAIM,71610,0.8951,0.865,05/01/2015,07/01/2015,05/01/2015,1,3
POL-398683,CLM-398683,HAS_CLAIM,60600,0.7575,0.7374,09/01/2015,03/01/2015,09/01/2015,2,3
POL-605100,CLM-605100,HAS_CLAIM,81240,1.0,0.9796,08/01/2015,08/01/2015,08/01/2015,3,3
POL-143109,CLM-143109,HAS_CLAIM,29300,0.3662,0.3592,05/01/2015,06/01/2015,05/01/2015,2,3
POL-230223,CLM-230223,HAS_CLAIM,76450,0.9556,0.7848,02/01/2015,01/01/2015,02/01/2015,1,1
POL-769602,CLM-769602,HAS_CLAIM,49400,0.6175,0.5808,02/01/2015,02/01/2015,02/01/2015,1,1
POL-420815,CLM-420815,HAS_CLAIM,90530,1.0,0.8364,05/01/2015,06/01/2015,05/01/2015,1,3
POL-973546,CLM-973546,HAS_CLAIM,8030,0.1004,0.0841,09/01/2015,03/01/2015,09/01/2015,2,2
POL-608039,CLM-608039,HAS_CLAIM,63900,0.7988,0.7686,07/01/2015,07/01/2015,07/01/2015,2,2
POL-250162,CLM-250162,HAS_CLAIM,38640,0.483,0.3981,03/01/2015,08/01/2015,03/01/2015,2,2
POL-786432,CLM-786432,HAS_CLAIM,41490,0.5186,0.4711,07/01/2015,05/01/2015,07/01/2015,3,1
POL-445195,CLM-445195,HAS_CLAIM,79090,0.9886,0.837,08/01/2015,05/01/2015,08/01/2015,3,3
POL-938634,CLM-938634,HAS_CLAIM,87900,1.0,0.9196,06/01/2015,03/01/2015,06/01/2015,3,1
POL-482495,CLM-482495,HAS_CLAIM,53400,0.6675,0.5818,02/01/2015,01/01/2015,02/01/2015,3,3
POL-796005,CLM-796005,HAS_CLAIM,52030,0.6504,0.533,02/01/2015,04/01/2015,02/01/2015,3,1
POL-910604,CLM-910604,HAS_CLAIM,82060,1.0,0.8416,08/01/2015,07/01/2015,08/01/2015,2,3
POL-327488,CLM-327488,HAS_CLAIM,48360,0.6045,0.577,07/01/2015,01/01/2015,07/01/2015,1,3
POL-715202,CLM-715202,HAS_CLAIM,52290,0.6536,0.5558,05/01/2015,08/01/2015,05/01/2015,3,3
POL-648852,CLM-648852,HAS_CLAIM,68200,0.8525,0.7219,06/01/2015,09/01/2015,06/01/2015,1,3
POL-516959,CLM-516959,HAS_CLAIM,60750,0.7594,0.6552,04/01/2015,06/01/2015,04/01/2015,1,2
POL-984456,CLM-984456,HAS_CLAIM,65560,0.8195,0.6913,05/01/2015,05/01/2015,05/01/2015,3,3
POL-801331,CLM-801331,HAS_CLAIM,70290,0.8786,0.7121,07/01/2015,09/01/2015,07/01/2015,1,3
POL-786103,CLM-786103,HAS_CLAIM,45000,0.5625,0.4773,06/01/2015,04/01/2015,06/01/2015,3,1
POL-684193,CLM-684193,HAS_CLAIM,61800,0.7725,0.7562,06/01/2015,04/01/2015,06/01/2015,1,2
POL-247505,CLM-247505,HAS_CLAIM,64570,0.8071,0.775,02/01/2015,01/01/2015,02/01/2015,2,1
POL-259792,CLM-259792,HAS_CLAIM,70500,0.8812,0.8103,06/01/2015,06/01/2015,06/01/2015,3,3
POL-185124,CLM-185124,HAS_CLAIM,57900,0.7238,0.6545,07/01/2015,09/01/2015,07/01/2015,3,2
POL-760700,CLM-760700,HAS_CLAIM,57860,0.7232,0.6851,05/01/2015,08/01/2015,05/01/2015,2,3
POL-362407,CLM-362407,HAS_CLAIM,37800,0.4725,0.4513,02/01/2015,03/01/2015,02/01/2015,1,2
POL-389525,CLM-389525,HAS_CLAIM,63300,0.7912,0.7313,07/01/2015,04/01/2015,07/01/2015,1,1
POL-179538,CLM-179538,HAS_CLAIM,44200,0.5525,0.5139,08/01/2015,09/01/2015,08/01/2015,3,1
POL-265437,CLM-265437,HAS_CLAIM,31680,0.396,0.3507,09/01/2015,04/01/2015,09/01/2015,2,1
POL-266247,CLM-266247,HAS_CLAIM,100,0.0012,0.0011,07/01/2015,07/01/2015,07/01/2015,2,3
POL-921851,CLM-921851,HAS_CLAIM,56340,0.7042,0.6144,04/01/2015,09/01/2015,04/01/2015,1,3
POL-488724,CLM-488724,HAS_CLAIM,69740,0.8718,0.8349,01/01/2015,01/01/2015,01/01/2015,1,2
POL-192524,CLM-192524,HAS_CLAIM,60480,0.756,0.6862,01/01/2015,07/01/2015,01/01/2015,2,3
POL-338070,CLM-338070,HAS_CLAIM,80880,1.0,0.8271,04/01/2015,01/01/2015,04/01/2015,1,3
POL-865607,CLM-865607,HAS_CLAIM,49390,0.6174,0.5282,06/01/2015,02/01/2015,06/01/2015,1,3
POL-963285,CLM-963285,HAS_CLAIM,69360,0.867,0.8201,09/01/2015,05/01/2015,09/01/2015,1,3
POL-728491,CLM-728491,HAS_CLAIM,3740,0.0468,0.0427,03/01/2015,06/01/2015,03/01/2015,2,2
POL-553436,CLM-553436,HAS_CLAIM,5060,0.0632,0.06,01/01/2015,08/01/2015,01/01/2015,2,1
POL-440616,CLM-440616,HAS_CLAIM,35860,0.4482,0.4128,02/01/2015,03/01/2015,02/01/2015,2,3
POL-463237,CLM-463237,HAS_CLAIM,50050,0.6256,0.5225,07/01/2015,04/01/2015,07/01/2015,1,2
POL-753452,CLM-753452,HAS_CLAIM,59070,0.7384,0.6066,04/01/2015,03/01/2015,04/01/2015,1,3
POL-920554,CLM-920554,HAS_CLAIM,28440,0.3555,0.3188,01/01/2015,07/01/2015,01/01/2015,3,3
POL-594783,CLM-594783,HAS_CLAIM,45540,0.5692,0.5437,02/01/2015,08/01/2015,02/01/2015,3,3
POL-725330,CLM-725330,HAS_CLAIM,38700,0.4838,0.4052,06/01/2015,02/01/2015,06/01/2015,3,3
POL-607259,CLM-607259,HAS_CLAIM,5830,0.0729,0.0678,08/01/2015,05/01/2015,08/01/2015,1,3
POL-979336,CLM-979336,HAS_CLAIM,57240,0.7155,0.6812,03/01/2015,09/01/2015,03/01/2015,2,2
POL-865201,CLM-865201,HAS_CLAIM,46200,0.5775,0.4727,03/01/2015,06/01/2015,03/01/2015,2,3
POL-140977,CLM-140977,HAS_CLAIM,57700,0.7212,0.6347,05/01/2015,09/01/2015,05/01/2015,2,3
POL-787351,CLM-787351,HAS_CLAIM,56160,0.702,0.5706,03/01/2015,02/01/2015,03/01/2015,1,1
POL-272330,CLM-272330,HAS_CLAIM,44400,0.555,0.5414,03/01/2015,08/01/2015,03/01/2015,1,3
POL-728025,CLM-728025,HAS_CLAIM,92730,1.0,0.8432,09/01/2015,01/01/2015,09/01/2015,3,2
POL-804608,CLM-804608,HAS_CLAIM,30700,0.3838,0.3548,05/01/2015,02/01/2015,05/01/2015,1,1
POL-718829,CLM-718829,HAS_CLAIM,56600,0.7075,0.5932,09/01/2015,06/01/2015,09/01/2015,1,3
POL-482404,CLM-482404,HAS_CLAIM,3960,0.0495,0.0438,04/01/2015,01/01/2015,04/01/2015,1,2
POL-331170,CLM-331170,HAS_CLAIM,34800,0.435,0.3505,05/01/2015,02/01/2015,05/01/2015,3,2
POL-753056,CLM-753056,HAS_CLAIM,79500,0.9938,0.9327,03/01/2015,07/01/2015,03/01/2015,3,3
POL-910365,CLM-910365,HAS_CLAIM,56000,0.7,0.5769,08/01/2015,08/01/2015,08/01/2015,2,1
POL-379268,CLM-379268,HAS_CLAIM,73260,0.9158,0.853,07/01/2015,08/01/2015,07/01/2015,3,1
POL-362843,CLM-362843,HAS_CLAIM,4950,0.0619,0.0583,07/01/2015,03/01/2015,07/01/2015,2,3
POL-135400,CLM-135400,HAS_CLAIM,48000,0.6,0.597,09/01/2015,01/01/2015,09/01/2015,2,3
POL-798579,CLM-798579,HAS_CLAIM,52200,0.6525,0.6142,01/01/2015,03/01/2015,01/01/2015,2,1
POL-250833,CLM-250833,HAS_CLAIM,73800,0.9225,0.7713,09/01/2015,06/01/2015,09/01/2015,1,3
POL-824116,CLM-824116,HAS_CLAIM,78200,0.9775,0.8079,05/01/2015,02/01/2015,05/01/2015,1,1
POL-322613,CLM-322613,HAS_CLAIM,55200,0.69,0.5757,07/01/2015,03/01/2015,07/01/2015,2,2
POL-871305,CLM-871305,HAS_CLAIM,57060,0.7133,0.595,01/01/2015,01/01/2015,01/01/2015,1,1
POL-488037,CLM-488037,HAS_CLAIM,4680,0.0585,0.0568,02/01/2015,02/01/2015,02/01/2015,2,2
POL-485813,CLM-485813,HAS_CLAIM,53100,0.6637,0.5668,09/01/2015,09/01/2015,09/01/2015,1,3
POL-886473,CLM-886473,HAS_CLAIM,3520,0.044,0.0413,01/01/2015,03/01/2015,01/01/2015,2,2
POL-907113,CLM-907113,HAS_CLAIM,72900,0.9112,0.8247,05/01/2015,09/01/2015,05/01/2015,2,3
POL-833321,CLM-833321,HAS_CLAIM,70700,0.8838,0.847,01/01/2015,06/01/2015,01/01/2015,1,3
POL-521592,CLM-521592,HAS_CLAIM,60170,0.7521,0.7103,04/01/2015,03/01/2015,04/01/2015,1,3
POL-254837,CLM-254837,HAS_CLAIM,74800,0.935,0.8996,04/01/2015,04/01/2015,04/01/2015,2,3
POL-634499,CLM-634499,HAS_CLAIM,4100,0.0512,0.0416,05/01/2015,04/01/2015,05/01/2015,2,3
POL-574707,CLM-574707,HAS_CLAIM,61490,0.7686,0.7184,09/01/2015,03/01/2015,09/01/2015,2,2
POL-476839,CLM-476839,HAS_CLAIM,7200,0.09,0.0764,01/01/2015,08/01/2015,01/01/2015,3,2
POL-149601,CLM-149601,HAS_CLAIM,45100,0.5638,0.5338,02/01/2015,01/01/2015,02/01/2015,2,2
POL-630683,CLM-630683,HAS_CLAIM,66660,0.8332,0.7389,06/01/2015,05/01/2015,06/01/2015,2,2
POL-500639,CLM-500639,HAS_CLAIM,76400,0.955,0.8229,04/01/2015,04/01/2015,04/01/2015,3,3
POL-352120,CLM-352120,HAS_CLAIM,58300,0.7288,0.5851,08/01/2015,08/01/2015,08/01/2015,2,3
POL-569245,CLM-569245,HAS_CLAIM,57310,0.7164,0.7009,04/01/2015,06/01/2015,04/01/2015,3,3
POL-907012,CLM-907012,HAS_CLAIM,53100,0.6637,0.5442,06/01/2015,09/01/2015,06/01/2015,2,2
POL-700074,CLM-700074,HAS_CLAIM,74700,0.9338,0.8947,09/01/2015,03/01/2015,09/01/2015,3,2
POL-866805,CLM-866805,HAS_CLAIM,60500,0.7562,0.6488,07/01/2015,02/01/2015,07/01/2015,3,2
POL-951863,CLM-951863,HAS_CLAIM,84920,1.0,0.8336,07/01/2015,06/01/2015,07/01/2015,3,1
POL-211578,CLM-211578,HAS_CLAIM,61050,0.7631,0.7266,08/01/2015,09/01/2015,08/01/2015,3,1
POL-357394,CLM-357394,HAS_CLAIM,69080,0.8635,0.7863,02/01/2015,06/01/2015,02/01/2015,3,2
POL-863749,CLM-863749,HAS_CLAIM,4560,0.057,0.0553,06/01/2015,06/01/2015,06/01/2015,2,2
POL-596914,CLM-596914,HAS_CLAIM,67800,0.8475,0.7043,06/01/2015,02/01/2015,06/01/2015,3,3
POL-684653,CLM-684653,HAS_CLAIM,5600,0.07,0.0698,05/01/2015,02/01/2015,05/01/2015,2,1
POL-528259,CLM-528259,HAS_CLAIM,9000,0.1125,0.0907,05/01/2015,07/01/2015,05/01/2015,3,3
POL-797636,CLM-797636,HAS_CLAIM,85320,1.0,0.9386,07/01/2015,04/01/2015,07/01/2015,1,2
POL-326180,CLM-326180,HAS_CLAIM,5940,0.0742,0.063,01/01/2015,08/01/2015,01/01/2015,2,1
POL-620075,CLM-620075,HAS_CLAIM,51370,0.6421,0.6211,06/01/2015,02/01/2015,06/01/2015,1,2
POL-965187,CLM-965187,HAS_CLAIM,51600,0.645,0.5635,04/01/2015,05/01/2015,04/01/2015,3,3
POL-516182,CLM-516182,HAS_CLAIM,5400,0.0675,0.0634,03/01/2015,03/01/2015,03/01/2015,1,2
POL-728839,CLM-728839,HAS_CLAIM,48870,0.6109,0.5263,07/01/2015,01/01/2015,07/01/2015,2,2
POL-771509,CLM-771509,HAS_CLAIM,5590,0.0699,0.0617,01/01/2015,08/01/2015,01/01/2015,1,3
POL-264221,CLM-264221,HAS_CLAIM,54960,0.687,0.646,07/01/2015,06/01/2015,07/01/2015,1,1
POL-602704,CLM-602704,HAS_CLAIM,39800,0.4975,0.4913,08/01/2015,08/01/2015,08/01/2015,1,2
POL-672416,CLM-672416,HAS_CLAIM,56160,0.702,0.5782,05/01/2015,05/01/2015,05/01/2015,2,2
POL-545506,CLM-545506,HAS_CLAIM,52700,0.6587,0.6239,07/01/2015,02/01/2015,07/01/2015,2,2
POL-777533,CLM-777533,HAS_CLAIM,68580,0.8572,0.7588,03/01/2015,05/01/2015,03/01/2015,1,3
POL-953334,CLM-953334,HAS_CLAIM,90860,1.0,0.813,08/01/2015,03/01/2015,08/01/2015,1,1
POL-369781,CLM-369781,HAS_CLAIM,5700,0.0712,0.0617,03/01/2015,05/01/2015,03/01/2015,2,3
POL-990998,CLM-990998,HAS_CLAIM,94930,1.0,0.9979,01/01/2015,09/01/2015,01/01/2015,2,2
POL-982678,CLM-982678,HAS_CLAIM,46800,0.585,0.4689,06/01/2015,08/01/2015,06/01/2015,1,1
POL-646069,CLM-646069,HAS_CLAIM,56320,0.704,0.6762,04/01/2015,04/01/2015,04/01/2015,3,3
POL-331683,CLM-331683,HAS_CLAIM,83490,1.0,0.857,07/01/2015,07/01/2015,07/01/2015,2,2
POL-364055,CLM-364055,HAS_CLAIM,57900,0.7238,0.6238,05/01/2015,03/01/2015,05/01/2015,2,1
POL-521854,CLM-521854,HAS_CLAIM,49410,0.6176,0.5375,02/01/2015,07/01/2015,02/01/2015,3,2
POL-737252,CLM-737252,HAS_CLAIM,66200,0.8275,0.7648,02/01/2015,03/01/2015,02/01/2015,2,3
POL-344480,CLM-344480,HAS_CLAIM,64080,0.801,0.7401,03/01/2015,06/01/2015,03/01/2015,3,3
POL-898519,CLM-898519,HAS_CLAIM,42500,0.5312,0.4319,09/01/2015,02/01/2015,09/01/2015,1,3
POL-957816,CLM-957816,HAS_CLAIM,48950,0.6119,0.5131,06/01/2015,09/01/2015,06/01/2015,1,1
POL-175960,CLM-175960,HAS_CLAIM,58850,0.7356,0.5942,07/01/2015,09/01/2015,07/01/2015,1,3
POL-489618,CLM-489618,HAS_CLAIM,82400,1.0,0.8622,08/01/2015,04/01/2015,08/01/2015,2,3
POL-717044,CLM-717044,HAS_CLAIM,54240,0.678,0.6287,03/01/2015,02/01/2015,03/01/2015,3,2
POL-101421,CLM-101421,HAS_CLAIM,74200,0.9275,0.7977,09/01/2015,03/01/2015,09/01/2015,1,3
POL-793948,CLM-793948,HAS_CLAIM,47430,0.5929,0.5128,06/01/2015,05/01/2015,06/01/2015,1,3
POL-737483,CLM-737483,HAS_CLAIM,68200,0.8525,0.6979,01/01/2015,08/01/2015,01/01/2015,1,3
POL-695117,CLM-695117,HAS_CLAIM,63900,0.7988,0.7402,03/01/2015,08/01/2015,03/01/2015,2,3
POL-167466,CLM-167466,HAS_CLAIM,59300,0.7412,0.6012,02/01/2015,04/01/2015,02/01/2015,1,3
POL-664732,CLM-664732,HAS_CLAIM,66900,0.8362,0.821,06/01/2015,07/01/2015,06/01/2015,3,1
POL-143038,CLM-143038,HAS_CLAIM,40810,0.5101,0.4264,06/01/2015,08/01/2015,06/01/2015,3,2
POL-979963,CLM-979963,HAS_CLAIM,75400,0.9425,0.9161,04/01/2015,08/01/2015,04/01/2015,2,3
POL-467841,CLM-467841,HAS_CLAIM,4200,0.0525,0.049,09/01/2015,03/01/2015,09/01/2015,1,3
POL-219028,CLM-219028,HAS_CLAIM,52650,0.6581,0.6346,04/01/2015,05/01/2015,04/01/2015,1,3
POL-130156,CLM-130156,HAS_CLAIM,42240,0.528,0.4299,01/01/2015,05/01/2015,01/01/2015,2,2
POL-762951,CLM-762951,HAS_CLAIM,59490,0.7436,0.6905,08/01/2015,04/01/2015,08/01/2015,3,2
POL-376879,CLM-376879,HAS_CLAIM,44200,0.5525,0.4772,08/01/2015,05/01/2015,08/01/2015,1,3
POL-599031,CLM-599031,HAS_CLAIM,7700,0.0962,0.0831,06/01/2015,04/01/2015,06/01/2015,1,2
POL-676255,CLM-676255,HAS_CLAIM,61440,0.768,0.6554,06/01/2015,06/01/2015,06/01/2015,1,2
POL-985446,CLM-985446,HAS_CLAIM,54400,0.68,0.6459,09/01/2015,05/01/2015,09/01/2015,2,3
POL-884180,CLM-884180,HAS_CLAIM,58560,0.732,0.6725,03/01/2015,08/01/2015,03/01/2015,2,1
POL-571462,CLM-571462,HAS_CLAIM,67300,0.8412,0.7025,02/01/2015,09/01/2015,02/01/2015,2,3
POL-815883,CLM-815883,HAS_CLAIM,36740,0.4592,0.4256,03/01/2015,08/01/2015,03/01/2015,1,2
POL-258265,CLM-258265,HAS_CLAIM,85690,1.0,0.8349,07/01/2015,03/01/2015,07/01/2015,2,2
POL-569714,CLM-569714,HAS_CLAIM,34160,0.427,0.3826,03/01/2015,07/01/2015,03/01/2015,2,2
POL-180008,CLM-180008,HAS_CLAIM,61320,0.7665,0.7222,07/01/2015,06/01/2015,07/01/2015,3,3
POL-633375,CLM-633375,HAS_CLAIM,79680,0.996,0.883,05/01/2015,08/01/2015,05/01/2015,2,3
POL-556538,CLM-556538,HAS_CLAIM,61740,0.7718,0.7199,04/01/2015,02/01/2015,04/01/2015,2,1
POL-669501,CLM-669501,HAS_CLAIM,6400,0.08,0.08,06/01/2015,06/01/2015,06/01/2015,2,2
POL-963761,CLM-963761,HAS_CLAIM,60600,0.7575,0.6969,07/01/2015,07/01/2015,07/01/2015,1,2
POL-753005,CLM-753005,HAS_CLAIM,56320,0.704,0.6724,08/01/2015,05/01/2015,08/01/2015,1,3
POL-454758,CLM-454758,HAS_CLAIM,52250,0.6531,0.5969,09/01/2015,04/01/2015,09/01/2015,1,2
POL-698589,CLM-698589,HAS_CLAIM,53900,0.6738,0.5705,05/01/2015,09/01/2015,05/01/2015,3,1
POL-330119,CLM-330119,HAS_CLAIM,2640,0.033,0.0299,05/01/2015,01/01/2015,05/01/2015,3,2
POL-164464,CLM-164464,HAS_CLAIM,8970,0.1121,0.0918,07/01/2015,03/01/2015,07/01/2015,3,3
POL-927354,CLM-927354,HAS_CLAIM,6000,0.075,0.0638,01/01/2015,01/01/2015,01/01/2015,2,1
POL-231508,CLM-231508,HAS_CLAIM,55200,0.69,0.6672,08/01/2015,04/01/2015,08/01/2015,3,2
POL-272910,CLM-272910,HAS_CLAIM,7260,0.0908,0.084,09/01/2015,05/01/2015,09/01/2015,3,3
POL-305758,CLM-305758,HAS_CLAIM,64680,0.8085,0.7344,01/01/2015,09/01/2015,01/01/2015,3,1
POL-950542,CLM-950542,HAS_CLAIM,59200,0.74,0.7037,08/01/2015,01/01/2015,08/01/2015,2,1
POL-291544,CLM-291544,HAS_CLAIM,4700,0.0588,0.0542,06/01/2015,05/01/2015,06/01/2015,3,2
POL-388616,CLM-388616,HAS_CLAIM,69400,0.8675,0.6968,02/01/2015,03/01/2015,02/01/2015,2,3
POL-577992,CLM-577992,HAS_CLAIM,40500,0.5062,0.4678,02/01/2015,05/01/2015,02/01/2015,2,3
POL-342830,CLM-342830,HAS_CLAIM,60000,0.75,0.6346,09/01/2015,08/01/2015,09/01/2015,1,1
POL-491170,CLM-491170,HAS_CLAIM,67320,0.8415,0.8068,02/01/2015,07/01/2015,02/01/2015,1,3
POL-175553,CLM-175553,HAS_CLAIM,75690,0.9461,0.7809,08/01/2015,01/01/2015,08/01/2015,3,2
POL-439341,CLM-439341,HAS_CLAIM,64300,0.8038,0.7481,08/01/2015,01/01/2015,08/01/2015,1,2
POL-221186,CLM-221186,HAS_CLAIM,64400,0.805,0.7822,06/01/2015,01/01/2015,06/01/2015,2,2
POL-868031,CLM-868031,HAS_CLAIM,97080,1.0,0.8588,06/01/2015,05/01/2015,06/01/2015,3,1
POL-844117,CLM-844117,HAS_CLAIM,5500,0.0688,0.0602,02/01/2015,01/01/2015,02/01/2015,1,3
POL-744557,CLM-744557,HAS_CLAIM,30700,0.3838,0.3587,03/01/2015,02/01/2015,03/01/2015,1,3
POL-159536,CLM-159536,HAS_CLAIM,33480,0.4185,0.3777,05/01/2015,07/01/2015,05/01/2015,3,1
POL-727109,CLM-727109,HAS_CLAIM,65430,0.8179,0.685,05/01/2015,06/01/2015,05/01/2015,1,2
POL-155604,CLM-155604,HAS_CLAIM,42680,0.5335,0.4706,02/01/2015,08/01/2015,02/01/2015,2,3
POL-608443,CLM-608443,HAS_CLAIM,87780,1.0,0.8403,05/01/2015,04/01/2015,05/01/2015,1,1
POL-117862,CLM-117862,HAS_CLAIM,72800,0.91,0.7826,03/01/2015,08/01/2015,03/01/2015,1,3
POL-991553,CLM-991553,HAS_CLAIM,71190,0.8899,0.804,06/01/2015,07/01/2015,06/01/2015,1,3
POL-727443,CLM-727443,HAS_CLAIM,3600,0.045,0.0414,04/01/2015,03/01/2015,04/01/2015,2,1
POL-378587,CLM-378587,HAS_CLAIM,62640,0.783,0.7755,02/01/2015,05/01/2015,02/01/2015,3,2
POL-420948,CLM-420948,HAS_CLAIM,69630,0.8704,0.7411,07/01/2015,03/01/2015,07/01/2015,3,3
POL-457188,CLM-457188,HAS_CLAIM,76010,0.9501,0.8499,05/01/2015,07/01/2015,05/01/2015,3,3
POL-118236,CLM-118236,HAS_CLAIM,44220,0.5528,0.4536,09/01/2015,07/01/2015,09/01/2015,3,1
POL-987524,CLM-987524,HAS_CLAIM,57200,0.715,0.7089,03/01/2015,03/01/2015,03/01/2015,1,2
POL-490596,CLM-490596,HAS_CLAIM,3080,0.0385,0.0349,09/01/2015,03/01/2015,09/01/2015,2,3
POL-524215,CLM-524215,HAS_CLAIM,75790,0.9474,0.8406,04/01/2015,06/01/2015,04/01/2015,3,1
POL-913464,CLM-913464,HAS_CLAIM,32670,0.4084,0.3767,09/01/2015,05/01/2015,09/01/2015,2,1
POL-398484,CLM-398484,HAS_CLAIM,3870,0.0484,0.0458,06/01/2015,03/01/2015,06/01/2015,2,1
POL-752504,CLM-752504,HAS_CLAIM,91520,1.0,0.9015,08/01/2015,01/01/2015,08/01/2015,1,1
POL-449263,CLM-449263,HAS_CLAIM,74690,0.9336,0.8918,05/01/2015,04/01/2015,05/01/2015,3,3
POL-844007,CLM-844007,HAS_CLAIM,4620,0.0578,0.0504,08/01/2015,07/01/2015,08/01/2015,2,3
POL-686522,CLM-686522,HAS_CLAIM,55000,0.6875,0.5896,08/01/2015,04/01/2015,08/01/2015,3,3
POL-670142,CLM-670142,HAS_CLAIM,59400,0.7425,0.6362,07/01/2015,01/01/2015,07/01/2015,1,2
POL-607687,CLM-607687,HAS_CLAIM,55260,0.6908,0.6531,06/01/2015,02/01/2015,06/01/2015,3,2
POL-967713,CLM-967713,HAS_CLAIM,51400,0.6425,0.5367,07/01/2015,05/01/2015,07/01/2015,3,1
POL-291902,CLM-291902,HAS_CLAIM,48780,0.6098,0.6029,06/01/2015,01/01/2015,06/01/2015,2,1
POL-149839,CLM-149839,HAS_CLAIM,52380,0.6548,0.6476,01/01/2015,02/01/2015,01/01/2015,3,1
POL-840225,CLM-840225,HAS_CLAIM,74360,0.9295,0.8467,08/01/2015,06/01/2015,08/01/2015,2,2
POL-643226,CLM-643226,HAS_CLAIM,53400,0.6675,0.5799,01/01/2015,03/01/2015,01/01/2015,1,3
POL-535879,CLM-535879,HAS_CLAIM,71800,0.8975,0.7987,06/01/2015,08/01/2015,06/01/2015,1,3
POL-746630,CLM-746630,HAS_CLAIM,68240,0.853,0.7172,06/01/2015,04/01/2015,06/01/2015,2,3
POL-598308,CLM-598308,HAS_CLAIM,61050,0.7631,0.7358,05/01/2015,02/01/2015,05/01/2015,1,2
POL-720356,CLM-720356,HAS_CLAIM,5590,0.0699,0.0562,05/01/2015,02/01/2015,05/01/2015,3,1
POL-724752,CLM-724752,HAS_CLAIM,46860,0.5858,0.5696,04/01/2015,08/01/2015,04/01/2015,2,3
POL-148498,CLM-148498,HAS_CLAIM,4290,0.0536,0.0446,05/01/2015,03/01/2015,05/01/2015,2,2
POL-110122,CLM-110122,HAS_CLAIM,78500,0.9812,0.9339,04/01/2015,03/01/2015,04/01/2015,3,3
POL-281388,CLM-281388,HAS_CLAIM,70830,0.8854,0.8074,07/01/2015,07/01/2015,07/01/2015,1,1
POL-728600,CLM-728600,HAS_CLAIM,68040,0.8505,0.8341,09/01/2015,05/01/2015,09/01/2015,2,3
POL-231548,CLM-231548,HAS_CLAIM,63600,0.795,0.7192,08/01/2015,02/01/2015,08/01/2015,3,1
POL-531160,CLM-531160,HAS_CLAIM,43560,0.5445,0.5033,08/01/2015,05/01/2015,08/01/2015,2,1
POL-889003,CLM-889003,HAS_CLAIM,60840,0.7605,0.6652,02/01/2015,08/01/2015,02/01/2015,3,1
POL-193213,CLM-193213,HAS_CLAIM,68160,0.852,0.7279,06/01/2015,06/01/2015,06/01/2015,3,1
POL-557218,CLM-557218,HAS_CLAIM,5170,0.0646,0.0644,07/01/2015,07/01/2015,07/01/2015,1,3
POL-125591,CLM-125591,HAS_CLAIM,57700,0.7212,0.6461,03/01/2015,01/01/2015,03/01/2015,1,2
POL-227244,CLM-227244,HAS_CLAIM,89520,1.0,0.9263,03/01/2015,01/01/2015,03/01/2015,3,2
POL-791425,CLM-791425,HAS_CLAIM,4620,0.0578,0.0463,01/01/2015,02/01/2015,01/01/2015,3,1
POL-354455,CLM-354455,HAS_CLAIM,45180,0.5648,0.5162,05/01/2015,09/01/2015,05/01/2015,2,1
POL-601042,CLM-601042,HAS_CLAIM,45100,0.5638,0.542,01/01/2015,05/01/2015,01/01/2015,3,2
POL-433663,CLM-433663,HAS_CLAIM,83160,1.0,0.921,08/01/2015,03/01/2015,08/01/2015,2,1
POL-471938,CLM-471938,HAS_CLAIM,86130,1.0,0.992,07/01/2015,04/01/2015,07/01/2015,2,2
POL-564654,CLM-564654,HAS_CLAIM,48000,0.6,0.514,04/01/2015,04/01/2015,04/01/2015,3,3
POL-645723,CLM-645723,HAS_CLAIM,3300,0.0412,0.0347,05/01/2015,06/01/2015,05/01/2015,1,3
POL-573572,CLM-573572,HAS_CLAIM,57200,0.715,0.6579,02/01/2015,09/01/2015,02/01/2015,3,3
POL-437960,CLM-437960,HAS_CLAIM,7590,0.0949,0.0919,06/01/2015,05/01/2015,06/01/2015,1,2
POL-649800,CLM-649800,HAS_CLAIM,80080,1.0,0.8941,04/01/2015,08/01/2015,04/01/2015,2,1
POL-544225,CLM-544225,HAS_CLAIM,4800,0.06,0.0519,06/01/2015,05/01/2015,06/01/2015,3,2
POL-390256,CLM-390256,HAS_CLAIM,3900,0.0488,0.0416,08/01/2015,03/01/2015,08/01/2015,2,3
POL-488597,CLM-488597,HAS_CLAIM,90400,1.0,0.8249,08/01/2015,03/01/2015,08/01/2015,3,2
POL-133889,CLM-133889,HAS_CLAIM,62900,0.7862,0.7154,02/01/2015,09/01/2015,02/01/2015,2,1
POL-931901,CLM-931901,HAS_CLAIM,54200,0.6775,0.5693,01/01/2015,04/01/2015,01/01/2015,3,2
POL-769475,CLM-769475,HAS_CLAIM,51800,0.6475,0.5229,01/01/2015,06/01/2015,01/01/2015,1,3
POL-844062,CLM-844062,HAS_CLAIM,6600,0.0825,0.0758,02/01/2015,07/01/2015,02/01/2015,2,3
POL-844129,CLM-844129,HAS_CLAIM,74140,0.9268,0.8506,02/01/2015,07/01/2015,02/01/2015,3,1
POL-732169,CLM-732169,HAS_CLAIM,67800,0.8475,0.7244,06/01/2015,08/01/2015,06/01/2015,1,1
POL-221854,CLM-221854,HAS_CLAIM,55400,0.6925,0.6302,05/01/2015,08/01/2015,05/01/2015,1,1
POL-776950,CLM-776950,HAS_CLAIM,49100,0.6138,0.6076,08/01/2015,02/01/2015,08/01/2015,2,1
POL-291006,CLM-291006,HAS_CLAIM,98280,1.0,0.8425,08/01/2015,06/01/2015,08/01/2015,3,1
POL-845751,CLM-845751,HAS_CLAIM,66550,0.8319,0.7112,04/01/2015,04/01/2015,04/01/2015,1,2
POL-889764,CLM-889764,HAS_CLAIM,70400,0.88,0.7541,05/01/2015,01/01/2015,05/01/2015,1,2
POL-929306,CLM-929306,HAS_CLAIM,53280,0.666,0.63,05/01/2015,03/01/2015,05/01/2015,2,2
POL-515457,CLM-515457,HAS_CLAIM,84590,1.0,0.929,04/01/2015,03/01/2015,04/01/2015,3,1
POL-556270,CLM-556270,HAS_CLAIM,54560,0.682,0.6366,02/01/2015,07/01/2015,02/01/2015,2,2
POL-908935,CLM-908935,HAS_CLAIM,82170,1.0,0.9033,05/01/2015,03/01/2015,05/01/2015,2,2
POL-525862,CLM-525862,HAS_CLAIM,61100,0.7638,0.6773,09/01/2015,05/01/2015,09/01/2015,1,3
POL-490514,CLM-490514,HAS_CLAIM,51900,0.6488,0.5774,08/01/2015,08/01/2015,08/01/2015,2,2
POL-774895,CLM-774895,HAS_CLAIM,3440,0.043,0.039,03/01/2015,04/01/2015,03/01/2015,1,1
POL-974522,CLM-974522,HAS_CLAIM,51390,0.6424,0.5884,03/01/2015,07/01/2015,03/01/2015,2,3
POL-669809,CLM-669809,HAS_CLAIM,76900,0.9612,0.8568,06/01/2015,06/01/2015,06/01/2015,2,1
POL-182953,CLM-182953,HAS_CLAIM,77000,0.9625,0.8487,06/01/2015,01/01/2015,06/01/2015,3,3
POL-836349,CLM-836349,HAS_CLAIM,60320,0.754,0.6193,08/01/2015,01/01/2015,08/01/2015,3,2
POL-591269,CLM-591269,HAS_CLAIM,60700,0.7588,0.7133,09/01/2015,04/01/2015,09/01/2015,1,2
POL-550127,CLM-550127,HAS_CLAIM,53280,0.666,0.6467,06/01/2015,03/01/2015,06/01/2015,2,2
POL-663190,CLM-663190,HAS_CLAIM,34290,0.4286,0.3448,07/01/2015,01/01/2015,07/01/2015,1,2
POL-109392,CLM-109392,HAS_CLAIM,46980,0.5873,0.5712,05/01/2015,01/01/2015,05/01/2015,2,3
POL-215278,CLM-215278,HAS_CLAIM,36700,0.4588,0.4455,02/01/2015,01/01/2015,02/01/2015,2,2
POL-674570,CLM-674570,HAS_CLAIM,60200,0.7525,0.6899,04/01/2015,07/01/2015,04/01/2015,3,1
POL-681486,CLM-681486,HAS_CLAIM,6480,0.081,0.0662,06/01/2015,05/01/2015,06/01/2015,1,1
POL-941851,CLM-941851,HAS_CLAIM,87200,1.0,0.8522,05/01/2015,08/01/2015,05/01/2015,1,1
POL-186934,CLM-186934,HAS_CLAIM,108480,1.0,0.8881,08/01/2015,07/01/2015,08/01/2015,3,1
POL-918516,CLM-918516,HAS_CLAIM,67500,0.8438,0.6889,05/01/2015,02/01/2015,05/01/2015,1,2
POL-533940,CLM-533940,HAS_CLAIM,46980,0.5873,0.4729,02/01/2015,05/01/2015,02/01/2015,2,1
POL-556080,CLM-556080,HAS_CLAIM,5060,0.0632,0.0602,07/01/2015,05/01/2015,07/01/2015,1,2
