:START_ID,:END_ID,report_number,:TYPE,weight,connection_strength,first_seen_date,last_seen_date,event_time,interaction_count,shared_count
CLM-521585,OFF-5549,PR-SC-996764,INVESTIGATED_BY,0.8603,0.7801,03/01/2015,03/01/2015,03/01/2015,1,1
CLM-342868,OFF-3984,PR-VA-882594,INVESTIGATED_BY,0.6297,0.5915,02/01/2015,04/01/2015,02/01/2015,2,1
CLM-413978,OFF-9736,PR-NY-114858,INVESTIGATED_BY,0.5142,0.5092,03/01/2015,06/01/2015,03/01/2015,2,1
CLM-429027,OFF-6310,PR-VA-797759,INVESTIGATED_BY,0.7395,0.665,09/01/2015,06/01/2015,09/01/2015,2,1
CLM-485665,OFF-8547,PR-WV-652764,INVESTIGATED_BY,0.7257,0.5861,03/01/2015,05/01/2015,03/01/2015,2,1
CLM-636550,OFF-3530,PR-NC-333612,INVESTIGATED_BY,0.6927,0.5924,07/01/2015,04/01/2015,07/01/2015,1,1
CLM-543610,OFF-6784,PR-NY-667935,INVESTIGATED_BY,0.5342,0.5195,06/01/2015,05/01/2015,06/01/2015,1,1
CLM-214618,OFF-1499,PR-SC-993910,INVESTIGATED_BY,0.8001,0.7494,09/01/2015,05/01/2015,09/01/2015,1,1
CLM-644081,OFF-3810,PR-SC-350867,INVESTIGATED_BY,0.7517,0.6721,06/01/2015,09/01/2015,06/01/2015,2,1
CLM-558938,OFF-8498,PR-NY-546955,INVESTIGATED_BY,0.546,0.5049,08/01/2015,03/01/2015,08/01/2015,1,1
CLM-275265,OFF-2383,PR-WV-336138,INVESTIGATED_BY,0.4452,0.3566,01/01/2015,02/01/2015,01/01/2015,2,1
CLM-183430,OFF-8647,PR-NY-535922,INVESTIGATED_BY,0.503,0.4308,03/01/2015,04/01/2015,03/01/2015,2,1
CLM-431876,OFF-8261,PR-SC-798110,INVESTIGATED_BY,0.4629,0.4521,05/01/2015,09/01/2015,05/01/2015,1,1
CLM-285496,OFF-2338,PR-SC-817633,INVESTIGATED_BY,0.4102,0.4084,09/01/2015,01/01/2015,09/01/2015,2,1
CLM-115399,OFF-8561,PR-WV-100423,INVESTIGATED_BY,0.7251,0.6722,02/01/2015,02/01/2015,02/01/2015,1,1
CLM-699044,OFF-1410,PR-OH-744481,INVESTIGATED_BY,0.8897,0.8803,01/01/2015,02/01/2015,01/01/2015,2,1
CLM-863236,OFF-5766,PR-PA-321038,INVESTIGATED_BY,0.3158,0.2999,06/01/2015,06/01/2015,06/01/2015,1,1
CLM-914088,OFF-6629,PR-SC-170779,INVESTIGATED_BY,0.6392,0.6164,06/01/2015,06/01/2015,06/01/2015,1,1
CLM-908616,OFF-1569,PR-SC-796020,INVESTIGATED_BY,0.5049,0.4097,08/01/2015,08/01/2015,08/01/2015,1,1
CLM-666333,OFF-6195,PR-WV-687719,INVESTIGATED_BY,0.4295,0.384,02/01/2015,07/01/2015,02/01/2015,2,1
CLM-584859,OFF-8509,PR-NY-943513,INVESTIGATED_BY,0.3059,0.2525,06/01/2015,05/01/2015,06/01/2015,1,1
CLM-990493,OFF-4141,PR-WV-161675,INVESTIGATED_BY,0.5696,0.5303,09/01/2015,02/01/2015,09/01/2015,2,1
CLM-129872,OFF-6833,PR-WV-914066,INVESTIGATED_BY,0.5823,0.533,05/01/2015,06/01/2015,05/01/2015,2,1
CLM-200152,OFF-8912,PR-NY-374201,INVESTIGATED_BY,0.7402,0.6158,04/01/2015,02/01/2015,04/01/2015,1,1
CLM-485664,OFF-4613,PR-NY-469830,INVESTIGATED_BY,0.3784,0.3372,05/01/2015,04/01/2015,05/01/2015,1,1
CLM-206213,OFF-9474,PR-WV-272070,INVESTIGATED_BY,0.675,0.5755,06/01/2015,09/01/2015,06/01/2015,1,1
CLM-616337,OFF-9971,PR-WV-558337,INVESTIGATED_BY,0.7173,0.5901,07/01/2015,06/01/2015,07/01/2015,2,1
CLM-108844,OFF-1337,PR-SC-782228,INVESTIGATED_BY,0.3857,0.3231,06/01/2015,06/01/2015,06/01/2015,1,1
CLM-430029,OFF-5539,PR-NY-684008,INVESTIGATED_BY,0.5334,0.4999,02/01/2015,04/01/2015,02/01/2015,2,1
CLM-529112,OFF-3704,PR-NC-984977,INVESTIGATED_BY,0.4962,0.4732,03/01/2015,03/01/2015,03/01/2015,2,1
CLM-866931,OFF-7282,PR-NY-384500,INVESTIGATED_BY,0.6045,0.5224,04/01/2015,04/01/2015,04/01/2015,1,1
CLM-582011,OFF-2661,PR-WV-482954,INVESTIGATED_BY,0.6338,0.587,05/01/2015,08/01/2015,05/01/2015,1,1
CLM-691189,OFF-1809,PR-NY-495787,INVESTIGATED_BY,0.3361,0.2722,04/01/2015,06/01/2015,04/01/2015,1,1
CLM-729634,OFF-5631,PR-NC-270315,INVESTIGATED_BY,0.7304,0.7091,05/01/2015,01/01/2015,05/01/2015,2,1
CLM-282195,OFF-6289,PR-VA-479107,INVESTIGATED_BY,0.6486,0.635,05/01/2015,09/01/2015,05/01/2015,2,1
CLM-524836,OFF-2133,PR-SC-522670,INVESTIGATED_BY,0.4636,0.4215,01/01/2015,04/01/2015,01/01/2015,1,1
CLM-598554,OFF-4615,PR-NY-338314,INVESTIGATED_BY,0.863,0.8545,08/01/2015,08/01/2015,08/01/2015,2,1
CLM-343161,OFF-7644,PR-WV-376198,INVESTIGATED_BY,0.3946,0.3879,01/01/2015,04/01/2015,01/01/2015,2,1
CLM-519312,OFF-1508,PR-WV-442320,INVESTIGATED_BY,0.8288,0.7175,09/01/2015,02/01/2015,09/01/2015,2,1
CLM-486676,OFF-3937,PR-SC-570957,INVESTIGATED_BY,0.8895,0.7974,01/01/2015,08/01/2015,01/01/2015,1,1
CLM-761189,OFF-5171,PR-SC-430012,INVESTIGATED_BY,0.7901,0.7748,07/01/2015,06/01/2015,07/01/2015,1,1
CLM-175177,OFF-9523,PR-VA-925811,INVESTIGATED_BY,0.3137,0.2828,04/01/2015,03/01/2015,04/01/2015,2,1
CLM-166264,OFF-6565,PR-NY-587432,INVESTIGATED_BY,0.5458,0.4367,02/01/2015,06/01/2015,02/01/2015,1,1
CLM-527945,OFF-4110,PR-WV-595072,INVESTIGATED_BY,0.5542,0.4747,04/01/2015,03/01/2015,04/01/2015,2,1
CLM-279422,OFF-7714,PR-SC-767384,INVESTIGATED_BY,0.6661,0.5975,06/01/2015,04/01/2015,06/01/2015,1,1
CLM-498875,OFF-4856,PR-NY-408024,INVESTIGATED_BY,0.3187,0.2565,05/01/2015,03/01/2015,05/01/2015,2,1
CLM-798177,OFF-5091,PR-SC-478314,INVESTIGATED_BY,0.6817,0.5672,04/01/2015,05/01/2015,04/01/2015,2,1
CLM-614763,OFF-5566,PR-VA-870133,INVESTIGATED_BY,0.7667,0.6386,06/01/2015,04/01/2015,06/01/2015,1,1
CLM-958857,OFF-8520,PR-SC-707530,INVESTIGATED_BY,0.5611,0.4854,08/01/2015,05/01/2015,08/01/2015,1,1
CLM-686816,OFF-7693,PR-SC-252762,INVESTIGATED_BY,0.8251,0.6605,09/01/2015,03/01/2015,09/01/2015,2,1
CLM-127754,OFF-4693,PR-NY-880360,INVESTIGATED_BY,0.4585,0.3818,05/01/2015,02/01/2015,05/01/2015,1,1
CLM-731450,OFF-5901,PR-NC-414849,INVESTIGATED_BY,0.4035,0.3482,06/01/2015,04/01/2015,06/01/2015,1,1
CLM-235220,OFF-9419,PR-SC-382285,INVESTIGATED_BY,0.8427,0.7051,01/01/2015,06/01/2015,01/01/2015,1,1
CLM-797613,OFF-6456,PR-SC-996381,INVESTIGATED_BY,0.66,0.5769,08/01/2015,08/01/2015,08/01/2015,2,1
CLM-193442,OFF-6454,PR-WV-551391,INVESTIGATED_BY,0.7943,0.6577,04/01/2015,07/01/2015,04/01/2015,1,1
CLM-939905,OFF-4419,PR-SC-822921,INVESTIGATED_BY,0.8929,0.8101,02/01/2015,06/01/2015,02/01/2015,1,1
CLM-632627,OFF-6560,PR-VA-537089,INVESTIGATED_BY,0.4179,0.3404,03/01/2015,07/01/2015,03/01/2015,1,1
CLM-283414,OFF-8601,PR-WV-959079,INVESTIGATED_BY,0.5162,0.4999,09/01/2015,03/01/2015,09/01/2015,2,1
CLM-163161,OFF-4801,PR-NY-136489,INVESTIGATED_BY,0.334,0.3272,03/01/2015,09/01/2015,03/01/2015,2,1
CLM-853360,OFF-3702,PR-NY-324350,INVESTIGATED_BY,0.5892,0.4852,02/01/2015,01/01/2015,02/01/2015,2,1
CLM-776860,OFF-5460,PR-SC-544034,INVESTIGATED_BY,0.7986,0.6915,02/01/2015,08/01/2015,02/01/2015,1,1
CLM-149367,OFF-9610,PR-NC-324222,INVESTIGATED_BY,0.7812,0.6645,02/01/2015,04/01/2015,02/01/2015,1,1
CLM-981123,OFF-2804,PR-VA-248807,INVESTIGATED_BY,0.5594,0.4565,03/01/2015,04/01/2015,03/01/2015,1,1
CLM-648397,OFF-9740,PR-NY-666667,INVESTIGATED_BY,0.4344,0.4171,07/01/2015,06/01/2015,07/01/2015,2,1
CLM-319232,OFF-1085,PR-NY-897081,INVESTIGATED_BY,0.5974,0.544,05/01/2015,01/01/2015,05/01/2015,2,1
CLM-531640,OFF-3257,PR-NY-697140,INVESTIGATED_BY,0.7686,0.6877,03/01/2015,01/01/2015,03/01/2015,2,1
CLM-368050,OFF-7977,PR-SC-544614,INVESTIGATED_BY,0.7085,0.6746,02/01/2015,07/01/2015,02/01/2015,2,1
CLM-155724,OFF-9208,PR-VA-406546,INVESTIGATED_BY,0.4536,0.4332,09/01/2015,05/01/2015,09/01/2015,2,1
CLM-717392,OFF-9858,PR-WV-430755,INVESTIGATED_BY,0.4669,0.3748,02/01/2015,06/01/2015,02/01/2015,2,1
CLM-965768,OFF-5255,PR-NY-587185,INVESTIGATED_BY,0.3637,0.3173,06/01/2015,06/01/2015,06/01/2015,2,1
CLM-414779,OFF-4009,PR-WV-531748,INVESTIGATED_BY,0.8963,0.7544,05/01/2015,09/01/2015,05/01/2015,2,1
CLM-428230,OFF-7021,PR-PA-961373,INVESTIGATED_BY,0.6386,0.6214,05/01/2015,01/01/2015,05/01/2015,2,1
CLM-517240,OFF-5796,PR-NY-269707,INVESTIGATED_BY,0.3388,0.3216,08/01/2015,05/01/2015,08/01/2015,2,1
CLM-469874,OFF-7630,PR-SC-275539,INVESTIGATED_BY,0.367,0.3024,09/01/2015,09/01/2015,09/01/2015,2,1
CLM-618659,OFF-5385,PR-NC-165125,INVESTIGATED_BY,0.4158,0.3768,09/01/2015,03/01/2015,09/01/2015,1,1
CLM-437573,OFF-5888,PR-WV-857805,INVESTIGATED_BY,0.7082,0.6044,04/01/2015,05/01/2015,04/01/2015,2,1
CLM-964657,OFF-7997,PR-NY-107034,INVESTIGATED_BY,0.6492,0.586,08/01/2015,01/01/2015,08/01/2015,1,1
CLM-434507,OFF-1690,PR-SC-922152,INVESTIGATED_BY,0.313,0.2729,08/01/2015,08/01/2015,08/01/2015,2,1
CLM-935277,OFF-9121,PR-NC-745809,INVESTIGATED_BY,0.8018,0.6563,01/01/2015,09/01/2015,01/01/2015,2,1
CLM-756054,OFF-7432,PR-VA-511338,INVESTIGATED_BY,0.5824,0.4996,08/01/2015,03/01/2015,08/01/2015,1,1
CLM-682387,OFF-8224,PR-NY-750641,INVESTIGATED_BY,0.4042,0.3336,01/01/2015,09/01/2015,01/01/2015,1,1
CLM-354105,OFF-8842,PR-SC-347548,INVESTIGATED_BY,0.6644,0.6601,06/01/2015,07/01/2015,06/01/2015,2,1
CLM-165485,OFF-5395,PR-WV-104922,INVESTIGATED_BY,0.5066,0.5001,01/01/2015,03/01/2015,01/01/2015,1,1
CLM-515050,OFF-1890,PR-NC-825907,INVESTIGATED_BY,0.3595,0.2878,08/01/2015,06/01/2015,08/01/2015,1,1
CLM-395983,OFF-8942,PR-WV-228490,INVESTIGATED_BY,0.6639,0.5654,01/01/2015,06/01/2015,01/01/2015,2,1
CLM-119513,OFF-9210,PR-SC-534527,INVESTIGATED_BY,0.5092,0.5016,06/01/2015,09/01/2015,06/01/2015,2,1
CLM-217938,OFF-2312,PR-SC-660271,INVESTIGATED_BY,0.6678,0.6648,01/01/2015,08/01/2015,01/01/2015,1,1
CLM-203914,OFF-4345,PR-NY-546709,INVESTIGATED_BY,0.6181,0.5853,07/01/2015,03/01/2015,07/01/2015,1,1
CLM-565157,OFF-3292,PR-NC-990512,INVESTIGATED_BY,0.5882,0.5145,03/01/2015,04/01/2015,03/01/2015,2,1
CLM-904191,OFF-2248,PR-NY-125131,INVESTIGATED_BY,0.6058,0.5248,07/01/2015,08/01/2015,07/01/2015,1,1
CLM-419510,OFF-2399,PR-WV-998745,INVESTIGATED_BY,0.4249,0.3892,04/01/2015,01/01/2015,04/01/2015,1,1
CLM-575000,OFF-7138,PR-NC-152871,INVESTIGATED_BY,0.5869,0.5768,03/01/2015,07/01/2015,03/01/2015,1,1
CLM-781181,OFF-7144,PR-NY-374649,INVESTIGATED_BY,0.3276,0.276,08/01/2015,03/01/2015,08/01/2015,2,1
CLM-589749,OFF-9685,PR-WV-994020,INVESTIGATED_BY,0.6143,0.59,07/01/2015,06/01/2015,07/01/2015,2,1
CLM-854021,OFF-6236,PR-NY-873196,INVESTIGATED_BY,0.418,0.3473,03/01/2015,09/01/2015,03/01/2015,1,1
CLM-454086,OFF-9844,PR-VA-234532,INVESTIGATED_BY,0.7525,0.6633,05/01/2015,08/01/2015,05/01/2015,2,1
CLM-139484,OFF-5532,PR-SC-380523,INVESTIGATED_BY,0.7497,0.6935,04/01/2015,04/01/2015,04/01/2015,1,1
CLM-678849,OFF-1995,PR-NY-858849,INVESTIGATED_BY,0.7949,0.7607,03/01/2015,07/01/2015,03/01/2015,1,1
CLM-985436,OFF-5392,PR-PA-807975,INVESTIGATED_BY,0.6477,0.5677,07/01/2015,01/01/2015,07/01/2015,2,1
CLM-237418,OFF-7710,PR-WV-655945,INVESTIGATED_BY,0.3849,0.3519,06/01/2015,09/01/2015,06/01/2015,2,1
CLM-335780,OFF-2215,PR-WV-448971,INVESTIGATED_BY,0.8682,0.8539,08/01/2015,01/01/2015,08/01/2015,1,1
CLM-922565,OFF-9714,PR-NY-804808,INVESTIGATED_BY,0.5882,0.5018,03/01/2015,06/01/2015,03/01/2015,1,1
CLM-288580,OFF-3953,PR-PA-567862,INVESTIGATED_BY,0.439,0.3711,01/01/2015,06/01/2015,01/01/2015,1,1
CLM-154280,OFF-4183,PR-SC-504115,INVESTIGATED_BY,0.7987,0.7133,08/01/2015,09/01/2015,08/01/2015,1,1
CLM-425973,OFF-9488,PR-PA-411422,INVESTIGATED_BY,0.5593,0.5159,09/01/2015,03/01/2015,09/01/2015,2,1
CLM-648509,OFF-9633,PR-PA-204653,INVESTIGATED_BY,0.8163,0.6599,01/01/2015,03/01/2015,01/01/2015,2,1
CLM-914815,OFF-8239,PR-OH-103194,INVESTIGATED_BY,0.4054,0.4002,05/01/2015,07/01/2015,05/01/2015,1,1
CLM-249048,OFF-3609,PR-SC-562673,INVESTIGATED_BY,0.768,0.718,08/01/2015,03/01/2015,08/01/2015,1,1
CLM-125324,OFF-3489,PR-VA-638866,INVESTIGATED_BY,0.6741,0.5633,01/01/2015,04/01/2015,01/01/2015,1,1
CLM-398102,OFF-6969,PR-SC-211825,INVESTIGATED_BY,0.3586,0.3015,08/01/2015,02/01/2015,08/01/2015,2,1
CLM-391652,OFF-4980,PR-SC-674758,INVESTIGATED_BY,0.3023,0.2448,09/01/2015,07/01/2015,09/01/2015,1,1
CLM-134430,OFF-8131,PR-NY-728166,INVESTIGATED_BY,0.718,0.7149,04/01/2015,08/01/2015,04/01/2015,1,1
CLM-524230,OFF-2602,PR-WV-406532,INVESTIGATED_BY,0.7036,0.6145,08/01/2015,06/01/2015,08/01/2015,1,1
CLM-438817,OFF-7355,PR-VA-970268,INVESTIGATED_BY,0.6832,0.5737,09/01/2015,01/01/2015,09/01/2015,2,1
CLM-868283,OFF-2582,PR-SC-413591,INVESTIGATED_BY,0.8446,0.8127,08/01/2015,02/01/2015,08/01/2015,1,1
CLM-882920,OFF-4721,PR-VA-872366,INVESTIGATED_BY,0.6679,0.593,08/01/2015,02/01/2015,08/01/2015,1,1
CLM-918777,OFF-1596,PR-VA-324133,INVESTIGATED_BY,0.3708,0.3077,06/01/2015,06/01/2015,06/01/2015,2,1
CLM-171254,OFF-4110,PR-SC-498006,INVESTIGATED_BY,0.7166,0.6922,03/01/2015,04/01/2015,03/01/2015,2,1
CLM-247116,OFF-7688,PR-NY-108812,INVESTIGATED_BY,0.6434,0.6238,04/01/2015,03/01/2015,04/01/2015,1,1
CLM-505969,OFF-1030,PR-WV-603454,INVESTIGATED_BY,0.4803,0.4038,07/01/2015,08/01/2015,07/01/2015,1,1
CLM-586367,OFF-6127,PR-SC-680786,INVESTIGATED_BY,0.8407,0.7071,04/01/2015,01/01/2015,04/01/2015,1,1
CLM-896890,OFF-1340,PR-WV-614799,INVESTIGATED_BY,0.3237,0.3137,07/01/2015,04/01/2015,07/01/2015,1,1
CLM-598124,OFF-2660,PR-VA-916483,INVESTIGATED_BY,0.3409,0.3147,02/01/2015,05/01/2015,02/01/2015,1,1
CLM-565564,OFF-5621,PR-NY-519485,INVESTIGATED_BY,0.3642,0.3013,09/01/2015,02/01/2015,09/01/2015,2,1
CLM-743163,OFF-3814,PR-SC-116646,INVESTIGATED_BY,0.3934,0.3393,05/01/2015,05/01/2015,05/01/2015,1,1
CLM-604614,OFF-8795,PR-NC-831440,INVESTIGATED_BY,0.5773,0.576,06/01/2015,08/01/2015,06/01/2015,1,1
CLM-509928,OFF-5950,PR-NC-340729,INVESTIGATED_BY,0.6597,0.5369,05/01/2015,08/01/2015,05/01/2015,2,1
CLM-174701,OFF-3224,PR-WV-851153,INVESTIGATED_BY,0.3567,0.3012,05/01/2015,06/01/2015,05/01/2015,2,1
CLM-940942,OFF-4445,PR-NY-769597,INVESTIGATED_BY,0.5608,0.4969,02/01/2015,07/01/2015,02/01/2015,2,1
CLM-872734,OFF-3659,PR-VA-143869,INVESTIGATED_BY,0.5143,0.471,09/01/2015,09/01/2015,09/01/2015,2,1
CLM-267885,OFF-8004,PR-NY-125845,INVESTIGATED_BY,0.5093,0.496,04/01/2015,09/01/2015,04/01/2015,1,1
CLM-740505,OFF-2863,PR-NY-633538,INVESTIGATED_BY,0.8864,0.7855,09/01/2015,07/01/2015,09/01/2015,1,1
CLM-405533,OFF-8395,PR-NY-168983,INVESTIGATED_BY,0.6921,0.5824,06/01/2015,04/01/2015,06/01/2015,1,1
CLM-667021,OFF-3243,PR-SC-990950,INVESTIGATED_BY,0.3165,0.2803,08/01/2015,08/01/2015,08/01/2015,1,1
CLM-511621,OFF-9235,PR-WV-939496,INVESTIGATED_BY,0.4131,0.3865,03/01/2015,02/01/2015,03/01/2015,2,1
CLM-735822,OFF-7926,PR-PA-799067,INVESTIGATED_BY,0.4383,0.3677,09/01/2015,04/01/2015,09/01/2015,1,1
CLM-492745,OFF-4249,PR-NY-252956,INVESTIGATED_BY,0.7882,0.7343,03/01/2015,08/01/2015,03/01/2015,2,1
CLM-280709,OFF-8822,PR-NY-971063,INVESTIGATED_BY,0.7496,0.7348,07/01/2015,09/01/2015,07/01/2015,1,1
CLM-898573,OFF-1335,PR-WV-988401,INVESTIGATED_BY,0.3357,0.3336,03/01/2015,08/01/2015,03/01/2015,2,1
CLM-547802,OFF-4322,PR-SC-954747,INVESTIGATED_BY,0.5205,0.4885,01/01/2015,01/01/2015,01/01/2015,1,1
CLM-513099,OFF-4507,PR-NY-295489,INVESTIGATED_BY,0.8712,0.8008,02/01/2015,09/01/2015,02/01/2015,2,1
CLM-184938,OFF-9789,PR-NY-312729,INVESTIGATED_BY,0.8903,0.8533,07/01/2015,01/01/2015,07/01/2015,2,1
CLM-187775,OFF-5783,PR-SC-352383,INVESTIGATED_BY,0.708,0.6192,06/01/2015,06/01/2015,06/01/2015,2,1
CLM-146138,OFF-2254,PR-NC-734396,INVESTIGATED_BY,0.6878,0.6081,02/01/2015,04/01/2015,02/01/2015,2,1
CLM-336047,OFF-7856,PR-SC-944443,INVESTIGATED_BY,0.4523,0.4306,06/01/2015,09/01/2015,06/01/2015,2,1
CLM-737593,OFF-8464,PR-NY-287288,INVESTIGATED_BY,0.4301,0.3757,06/01/2015,03/01/2015,06/01/2015,2,1
CLM-812025,OFF-9353,PR-SC-968707,INVESTIGATED_BY,0.8685,0.8258,03/01/2015,09/01/2015,03/01/2015,1,1
CLM-594739,OFF-6226,PR-NY-900505,INVESTIGATED_BY,0.474,0.4345,08/01/2015,09/01/2015,08/01/2015,2,1
CLM-843227,OFF-4458,PR-SC-727164,INVESTIGATED_BY,0.4133,0.4127,05/01/2015,02/01/2015,05/01/2015,1,1
CLM-475588,OFF-7261,PR-NC-140571,INVESTIGATED_BY,0.7054,0.6936,08/01/2015,03/01/2015,08/01/2015,2,1
CLM-751905,OFF-7456,PR-NY-641654,INVESTIGATED_BY,0.7326,0.642,09/01/2015,03/01/2015,09/01/2015,1,1
CLM-226725,OFF-5576,PR-SC-982290,INVESTIGATED_BY,0.5143,0.4354,08/01/2015,04/01/2015,08/01/2015,2,1
CLM-942504,OFF-7524,PR-SC-107726,INVESTIGATED_BY,0.8171,0.7604,02/01/2015,07/01/2015,02/01/2015,2,1
CLM-889883,OFF-5541,PR-PA-229412,INVESTIGATED_BY,0.7475,0.7443,06/01/2015,06/01/2015,06/01/2015,2,1
CLM-818167,OFF-9407,PR-SC-792185,INVESTIGATED_BY,0.8985,0.8148,06/01/2015,08/01/2015,06/01/2015,1,1
CLM-842618,OFF-3664,PR-SC-155601,INVESTIGATED_BY,0.832,0.7683,04/01/2015,06/01/2015,04/01/2015,2,1
CLM-577810,OFF-6743,PR-VA-762167,INVESTIGATED_BY,0.6179,0.5659,04/01/2015,04/01/2015,04/01/2015,1,1
CLM-994538,OFF-4396,PR-WV-969579,INVESTIGATED_BY,0.4799,0.4681,04/01/2015,08/01/2015,04/01/2015,1,1
CLM-522506,OFF-8920,PR-NY-321627,INVESTIGATED_BY,0.4454,0.4259,02/01/2015,07/01/2015,02/01/2015,2,1
CLM-424862,OFF-8659,PR-PA-265537,INVESTIGATED_BY,0.7317,0.6205,08/01/2015,05/01/2015,08/01/2015,2,1
CLM-512813,OFF-8129,PR-WV-155468,INVESTIGATED_BY,0.4448,0.4158,04/01/2015,05/01/2015,04/01/2015,2,1
CLM-356768,OFF-5158,PR-SC-877990,INVESTIGATED_BY,0.6767,0.5476,02/01/2015,06/01/2015,02/01/2015,2,1
CLM-330506,OFF-8691,PR-PA-725179,INVESTIGATED_BY,0.678,0.5693,04/01/2015,02/01/2015,04/01/2015,2,1
CLM-779075,OFF-5558,PR-NY-182879,INVESTIGATED_BY,0.4947,0.4236,05/01/2015,03/01/2015,05/01/2015,2,1
CLM-799501,OFF-5194,PR-SC-989313,INVESTIGATED_BY,0.7411,0.713,08/01/2015,06/01/2015,08/01/2015,2,1
CLM-987905,OFF-1451,PR-WV-992762,INVESTIGATED_BY,0.3058,0.2575,06/01/2015,07/01/2015,06/01/2015,1,1
CLM-967756,OFF-8373,PR-WV-543905,INVESTIGATED_BY,0.8887,0.8555,07/01/2015,03/01/2015,07/01/2015,2,1
CLM-830414,OFF-8251,PR-VA-106194,INVESTIGATED_BY,0.4076,0.3825,02/01/2015,03/01/2015,02/01/2015,1,1
CLM-332892,OFF-8027,PR-SC-513839,INVESTIGATED_BY,0.5691,0.5151,07/01/2015,03/01/2015,07/01/2015,2,1
CLM-448642,OFF-7891,PR-VA-468405,INVESTIGATED_BY,0.7742,0.7369,02/01/2015,01/01/2015,02/01/2015,1,1
CLM-526039,OFF-2534,PR-NC-242954,INVESTIGATED_BY,0.7103,0.583,08/01/2015,09/01/2015,08/01/2015,1,1
CLM-806081,OFF-3144,PR-NY-817349,INVESTIGATED_BY,0.3476,0.3177,07/01/2015,04/01/2015,07/01/2015,2,1
CLM-384618,OFF-2535,PR-NC-187965,INVESTIGATED_BY,0.5724,0.4584,06/01/2015,05/01/2015,06/01/2015,1,1
CLM-655787,OFF-6728,PR-PA-345241,INVESTIGATED_BY,0.4226,0.3504,01/01/2015,07/01/2015,01/01/2015,1,1
CLM-419954,OFF-5915,PR-SC-455956,INVESTIGATED_BY,0.3448,0.2777,03/01/2015,05/01/2015,03/01/2015,2,1
CLM-515698,OFF-1523,PR-PA-101490,INVESTIGATED_BY,0.395,0.3734,02/01/2015,05/01/2015,02/01/2015,1,1
CLM-714929,OFF-4335,PR-NY-822585,INVESTIGATED_BY,0.3279,0.3055,01/01/2015,03/01/2015,01/01/2015,2,1
CLM-297816,OFF-3167,PR-NC-138378,INVESTIGATED_BY,0.8049,0.7237,01/01/2015,07/01/2015,01/01/2015,1,1
CLM-771236,OFF-6682,PR-NY-616177,INVESTIGATED_BY,0.5115,0.4356,01/01/2015,02/01/2015,01/01/2015,1,1
CLM-235869,OFF-2386,PR-SC-125835,INVESTIGATED_BY,0.3948,0.3178,03/01/2015,04/01/2015,03/01/2015,1,1
CLM-931625,OFF-5950,PR-SC-888258,INVESTIGATED_BY,0.5661,0.488,08/01/2015,09/01/2015,08/01/2015,1,1
CLM-371635,OFF-8624,PR-NY-234798,INVESTIGATED_BY,0.6638,0.6339,09/01/2015,01/01/2015,09/01/2015,2,1
CLM-261315,OFF-1336,PR-SC-118970,INVESTIGATED_BY,0.4668,0.4244,07/01/2015,08/01/2015,07/01/2015,2,1
CLM-582973,OFF-7581,PR-SC-476877,INVESTIGATED_BY,0.8051,0.7142,05/01/2015,02/01/2015,05/01/2015,2,1
CLM-278091,OFF-7079,PR-SC-447356,INVESTIGATED_BY,0.6802,0.5958,06/01/2015,09/01/2015,06/01/2015,2,1
CLM-515217,OFF-4248,PR-SC-898598,INVESTIGATED_BY,0.7053,0.6369,09/01/2015,07/01/2015,09/01/2015,1,1
CLM-860497,OFF-5114,PR-WV-134951,INVESTIGATED_BY,0.7218,0.6449,08/01/2015,01/01/2015,08/01/2015,2,1
CLM-351741,OFF-2604,PR-WV-844733,INVESTIGATED_BY,0.4476,0.4308,01/01/2015,07/01/2015,01/01/2015,1,1
CLM-403737,OFF-1995,PR-VA-252874,INVESTIGATED_BY,0.5795,0.5392,01/01/2015,04/01/2015,01/01/2015,1,1
CLM-162004,OFF-1098,PR-NY-549512,INVESTIGATED_BY,0.5367,0.4711,06/01/2015,05/01/2015,06/01/2015,2,1
CLM-740384,OFF-7233,PR-NY-655047,INVESTIGATED_BY,0.635,0.6018,02/01/2015,06/01/2015,02/01/2015,1,1
CLM-876714,OFF-8851,PR-NY-359496,INVESTIGATED_BY,0.5768,0.515,03/01/2015,02/01/2015,03/01/2015,1,1
CLM-951543,OFF-4564,PR-SC-404200,INVESTIGATED_BY,0.7244,0.6486,06/01/2015,01/01/2015,06/01/2015,2,1
CLM-576723,OFF-8878,PR-WV-759345,INVESTIGATED_BY,0.6535,0.589,04/01/2015,07/01/2015,04/01/2015,2,1
CLM-984948,OFF-5982,PR-NY-462481,INVESTIGATED_BY,0.4444,0.3927,09/01/2015,09/01/2015,09/01/2015,1,1
CLM-890328,OFF-6976,PR-NY-332845,INVESTIGATED_BY,0.6061,0.5366,01/01/2015,04/01/2015,01/01/2015,1,1
CLM-803294,OFF-4096,PR-NY-117180,INVESTIGATED_BY,0.6996,0.6175,07/01/2015,09/01/2015,07/01/2015,2,1
CLM-414913,OFF-6160,PR-NY-628366,INVESTIGATED_BY,0.6416,0.517,04/01/2015,03/01/2015,04/01/2015,2,1
CLM-818413,OFF-9731,PR-NY-971793,INVESTIGATED_BY,0.461,0.3877,02/01/2015,03/01/2015,02/01/2015,1,1
CLM-406567,OFF-8516,PR-NC-644582,INVESTIGATED_BY,0.6567,0.6561,01/01/2015,02/01/2015,01/01/2015,2,1
CLM-623032,OFF-2976,PR-WV-527227,INVESTIGATED_BY,0.7808,0.6549,06/01/2015,07/01/2015,06/01/2015,1,1
CLM-563878,OFF-7993,PR-NY-393777,INVESTIGATED_BY,0.813,0.6598,04/01/2015,03/01/2015,04/01/2015,2,1
CLM-620855,OFF-4028,PR-NY-988702,INVESTIGATED_BY,0.8805,0.8021,08/01/2015,09/01/2015,08/01/2015,1,1
CLM-445973,OFF-5932,PR-NY-244028,INVESTIGATED_BY,0.5655,0.5119,07/01/2015,07/01/2015,07/01/2015,1,1
CLM-613226,OFF-7237,PR-VA-872489,INVESTIGATED_BY,0.6039,0.5992,04/01/2015,01/01/2015,04/01/2015,2,1
CLM-804410,OFF-4398,PR-WV-711025,INVESTIGATED_BY,0.5881,0.4942,03/01/2015,05/01/2015,03/01/2015,1,1
CLM-553565,OFF-2495,PR-VA-367485,INVESTIGATED_BY,0.5987,0.5847,09/01/2015,03/01/2015,09/01/2015,1,1
CLM-399524,OFF-7675,PR-SC-983598,INVESTIGATED_BY,0.623,0.5038,08/01/2015,08/01/2015,08/01/2015,2,1
CLM-360770,OFF-7128,PR-VA-702312,INVESTIGATED_BY,0.8516,0.7597,03/01/2015,09/01/2015,03/01/2015,1,1
CLM-797934,OFF-9446,PR-NY-414246,INVESTIGATED_BY,0.3501,0.2866,08/01/2015,06/01/2015,08/01/2015,1,1
CLM-883980,OFF-1955,PR-WV-738099,INVESTIGATED_BY,0.4767,0.4574,05/01/2015,08/01/2015,05/01/2015,2,1
CLM-340614,OFF-5515,PR-WV-507343,INVESTIGATED_BY,0.5659,0.5185,07/01/2015,02/01/2015,07/01/2015,1,1
CLM-435784,OFF-5165,PR-NY-256847,INVESTIGATED_BY,0.723,0.6029,03/01/2015,01/01/2015,03/01/2015,2,1
CLM-563837,OFF-8294,PR-SC-792628,INVESTIGATED_BY,0.8142,0.7269,03/01/2015,04/01/2015,03/01/2015,2,1
CLM-200827,OFF-9321,PR-SC-195294,INVESTIGATED_BY,0.3992,0.3234,07/01/2015,07/01/2015,07/01/2015,1,1
CLM-533941,OFF-5061,PR-OH-108188,INVESTIGATED_BY,0.5263,0.4934,09/01/2015,04/01/2015,09/01/2015,2,1
CLM-265026,OFF-4172,PR-SC-591413,INVESTIGATED_BY,0.6723,0.5865,08/01/2015,01/01/2015,08/01/2015,1,1
CLM-566720,OFF-3940,PR-WV-963327,INVESTIGATED_BY,0.7766,0.7026,06/01/2015,06/01/2015,06/01/2015,1,1
CLM-832746,OFF-5333,PR-SC-387540,INVESTIGATED_BY,0.4881,0.4805,04/01/2015,07/01/2015,04/01/2015,1,1
CLM-594722,OFF-5696,PR-VA-322370,INVESTIGATED_BY,0.8009,0.6629,02/01/2015,06/01/2015,02/01/2015,1,1
CLM-216738,OFF-6709,PR-NC-367208,INVESTIGATED_BY,0.469,0.3755,02/01/2015,07/01/2015,02/01/2015,1,1
CLM-369048,OFF-2979,PR-WV-722520,INVESTIGATED_BY,0.7462,0.6726,06/01/2015,03/01/2015,06/01/2015,2,1
CLM-954191,OFF-2460,PR-VA-556493,INVESTIGATED_BY,0.5916,0.5473,03/01/2015,06/01/2015,03/01/2015,1,1
CLM-150181,OFF-5115,PR-SC-183935,INVESTIGATED_BY,0.3446,0.3305,05/01/2015,01/01/2015,05/01/2015,2,1
CLM-457244,OFF-2903,PR-SC-279436,INVESTIGATED_BY,0.6083,0.5876,04/01/2015,07/01/2015,04/01/2015,1,1
CLM-206667,OFF-6754,PR-NY-271872,INVESTIGATED_BY,0.3844,0.3394,09/01/2015,05/01/2015,09/01/2015,1,1
CLM-412703,OFF-5003,PR-VA-768461,INVESTIGATED_BY,0.4714,0.3949,08/01/2015,02/01/2015,08/01/2015,2,1
CLM-736771,OFF-2346,PR-NY-575995,INVESTIGATED_BY,0.4583,0.4088,03/01/2015,03/01/2015,03/01/2015,2,1
CLM-626074,OFF-1004,PR-SC-503785,INVESTIGATED_BY,0.7226,0.7131,01/01/2015,04/01/2015,01/01/2015,1,1
CLM-218109,OFF-6533,PR-SC-232195,INVESTIGATED_BY,0.3048,0.2856,08/01/2015,06/01/2015,08/01/2015,2,1
CLM-999435,OFF-4262,PR-NY-992341,INVESTIGATED_BY,0.7834,0.7059,06/01/2015,03/01/2015,06/01/2015,1,1
CLM-858060,OFF-5389,PR-NC-799262,INVESTIGATED_BY,0.6401,0.5953,08/01/2015,09/01/2015,08/01/2015,2,1
CLM-500384,OFF-6314,PR-NY-982439,INVESTIGATED_BY,0.3808,0.3716,04/01/2015,09/01/2015,04/01/2015,1,1
CLM-903785,OFF-6704,PR-NY-259584,INVESTIGATED_BY,0.7654,0.6957,02/01/2015,09/01/2015,02/01/2015,1,1
CLM-873859,OFF-8097,PR-WV-620131,INVESTIGATED_BY,0.4679,0.428,05/01/2015,01/01/2015,05/01/2015,1,1
CLM-204294,OFF-3385,PR-NY-232553,INVESTIGATED_BY,0.772,0.6193,05/01/2015,09/01/2015,05/01/2015,2,1
CLM-467106,OFF-9291,PR-NY-554189,INVESTIGATED_BY,0.4491,0.3933,05/01/2015,09/01/2015,05/01/2015,2,1
CLM-357713,OFF-7769,PR-WV-966842,INVESTIGATED_BY,0.3337,0.326,05/01/2015,09/01/2015,05/01/2015,2,1
CLM-756981,OFF-6489,PR-WV-418038,INVESTIGATED_BY,0.8555,0.7527,02/01/2015,07/01/2015,02/01/2015,1,1
CLM-538466,OFF-6099,PR-NY-201260,INVESTIGATED_BY,0.5534,0.5305,07/01/2015,01/01/2015,07/01/2015,1,1
CLM-932097,OFF-1619,PR-VA-821606,INVESTIGATED_BY,0.5627,0.5268,05/01/2015,09/01/2015,05/01/2015,2,1
CLM-463727,OFF-5335,PR-WV-786342,INVESTIGATED_BY,0.8539,0.7725,06/01/2015,02/01/2015,06/01/2015,1,1
CLM-552618,OFF-1447,PR-NY-126656,INVESTIGATED_BY,0.4747,0.4629,07/01/2015,02/01/2015,07/01/2015,2,1
CLM-348814,OFF-2182,PR-NY-623795,INVESTIGATED_BY,0.5374,0.4471,03/01/2015,01/01/2015,03/01/2015,2,1
CLM-682178,OFF-7445,PR-WV-765414,INVESTIGATED_BY,0.7802,0.7159,05/01/2015,08/01/2015,05/01/2015,2,1
CLM-253005,OFF-7881,PR-OH-746907,INVESTIGATED_BY,0.4907,0.4231,04/01/2015,02/01/2015,04/01/2015,1,1
CLM-630998,OFF-7086,PR-SC-827820,INVESTIGATED_BY,0.3474,0.3381,09/01/2015,05/01/2015,09/01/2015,2,1
CLM-302669,OFF-7807,PR-PA-582889,INVESTIGATED_BY,0.4257,0.372,05/01/2015,03/01/2015,05/01/2015,2,1
CLM-971295,OFF-2853,PR-NY-486897,INVESTIGATED_BY,0.4254,0.3866,01/01/2015,04/01/2015,01/01/2015,1,1
CLM-165565,OFF-3682,PR-NY-221140,INVESTIGATED_BY,0.3379,0.2883,03/01/2015,07/01/2015,03/01/2015,2,1
CLM-296960,OFF-9217,PR-NY-199410,INVESTIGATED_BY,0.3477,0.3006,08/01/2015,01/01/2015,08/01/2015,2,1
CLM-501692,OFF-5920,PR-SC-722130,INVESTIGATED_BY,0.8294,0.8176,08/01/2015,04/01/2015,08/01/2015,2,1
CLM-355085,OFF-4871,PR-WV-945131,INVESTIGATED_BY,0.7316,0.6471,02/01/2015,07/01/2015,02/01/2015,2,1
CLM-830729,OFF-7262,PR-SC-499994,INVESTIGATED_BY,0.6067,0.5795,06/01/2015,09/01/2015,06/01/2015,2,1
CLM-651948,OFF-9811,PR-NY-154379,INVESTIGATED_BY,0.5216,0.488,08/01/2015,01/01/2015,08/01/2015,2,1
CLM-424358,OFF-3392,PR-WV-927548,INVESTIGATED_BY,0.5658,0.5202,04/01/2015,09/01/2015,04/01/2015,1,1
CLM-131478,OFF-1270,PR-WV-793007,INVESTIGATED_BY,0.4351,0.3617,07/01/2015,06/01/2015,07/01/2015,1,1
CLM-687639,OFF-6745,PR-OH-315098,INVESTIGATED_BY,0.8252,0.7073,09/01/2015,09/01/2015,09/01/2015,1,1
CLM-497347,OFF-4784,PR-VA-521692,INVESTIGATED_BY,0.7876,0.735,06/01/2015,09/01/2015,06/01/2015,2,1
CLM-847123,OFF-8357,PR-NY-412309,INVESTIGATED_BY,0.5863,0.5405,01/01/2015,05/01/2015,01/01/2015,2,1
CLM-172307,OFF-6746,PR-NC-494433,INVESTIGATED_BY,0.7166,0.6387,08/01/2015,05/01/2015,08/01/2015,1,1
CLM-432068,OFF-1031,PR-PA-136599,INVESTIGATED_BY,0.7343,0.6762,01/01/2015,05/01/2015,01/01/2015,2,1
CLM-107181,OFF-5270,PR-SC-827841,INVESTIGATED_BY,0.7295,0.5848,06/01/2015,04/01/2015,06/01/2015,2,1
CLM-373935,OFF-1001,PR-SC-845754,INVESTIGATED_BY,0.8923,0.7358,02/01/2015,08/01/2015,02/01/2015,1,1
CLM-812989,OFF-5677,PR-NY-931467,INVESTIGATED_BY,0.7158,0.6525,09/01/2015,03/01/2015,09/01/2015,2,1
CLM-327856,OFF-8230,PR-SC-303116,INVESTIGATED_BY,0.4651,0.4215,03/01/2015,02/01/2015,03/01/2015,1,1
CLM-263159,OFF-5653,PR-NY-403786,INVESTIGATED_BY,0.4143,0.3533,06/01/2015,04/01/2015,06/01/2015,1,1
CLM-372912,OFF-5099,PR-SC-678139,INVESTIGATED_BY,0.8431,0.7967,02/01/2015,03/01/2015,02/01/2015,2,1
CLM-910622,OFF-4845,PR-NY-778305,INVESTIGATED_BY,0.5706,0.527,02/01/2015,07/01/2015,02/01/2015,1,1
CLM-137675,OFF-4802,PR-NC-472557,INVESTIGATED_BY,0.5489,0.5395,01/01/2015,08/01/2015,01/01/2015,1,1
CLM-343421,OFF-2178,PR-NC-892047,INVESTIGATED_BY,0.3167,0.2753,04/01/2015,08/01/2015,04/01/2015,1,1
CLM-413192,OFF-8980,PR-NY-374427,INVESTIGATED_BY,0.5998,0.5669,02/01/2015,07/01/2015,02/01/2015,1,1
CLM-431283,OFF-1709,PR-SC-170546,INVESTIGATED_BY,0.4399,0.3746,09/01/2015,04/01/2015,09/01/2015,2,1
CLM-149467,OFF-6482,PR-SC-110436,INVESTIGATED_BY,0.4109,0.3723,07/01/2015,09/01/2015,07/01/2015,2,1
CLM-758740,OFF-4779,PR-VA-449643,INVESTIGATED_BY,0.3622,0.3228,08/01/2015,04/01/2015,08/01/2015,2,1
CLM-628337,OFF-8116,PR-SC-691576,INVESTIGATED_BY,0.8599,0.7866,03/01/2015,02/01/2015,03/01/2015,1,1
CLM-574637,OFF-1853,PR-VA-346448,INVESTIGATED_BY,0.8989,0.8889,01/01/2015,02/01/2015,01/01/2015,2,1
CLM-484321,OFF-5545,PR-WV-211456,INVESTIGATED_BY,0.81,0.7773,08/01/2015,09/01/2015,08/01/2015,2,1
CLM-218456,OFF-3934,PR-PA-364204,INVESTIGATED_BY,0.5672,0.4846,06/01/2015,01/01/2015,06/01/2015,2,1
CLM-662256,OFF-4998,PR-SC-751428,INVESTIGATED_BY,0.5719,0.5655,02/01/2015,05/01/2015,02/01/2015,1,1
CLM-971338,OFF-7518,PR-VA-464793,INVESTIGATED_BY,0.4416,0.3751,05/01/2015,04/01/2015,05/01/2015,1,1
CLM-918037,OFF-4082,PR-PA-610042,INVESTIGATED_BY,0.6573,0.5594,05/01/2015,09/01/2015,05/01/2015,2,1
CLM-996253,OFF-1677,PR-WV-516014,INVESTIGATED_BY,0.7868,0.7711,06/01/2015,05/01/2015,06/01/2015,1,1
CLM-373731,OFF-9207,PR-NY-471587,INVESTIGATED_BY,0.6954,0.6006,07/01/2015,04/01/2015,07/01/2015,1,1
CLM-836272,OFF-9798,PR-NC-151350,INVESTIGATED_BY,0.3501,0.3065,07/01/2015,01/01/2015,07/01/2015,1,1
CLM-167231,OFF-4685,PR-NY-642563,INVESTIGATED_BY,0.8314,0.7802,02/01/2015,08/01/2015,02/01/2015,2,1
CLM-743330,OFF-7700,PR-VA-375709,INVESTIGATED_BY,0.3034,0.2983,07/01/2015,08/01/2015,07/01/2015,2,1
CLM-735307,OFF-7209,PR-SC-726492,INVESTIGATED_BY,0.6963,0.6454,07/01/2015,06/01/2015,07/01/2015,2,1
CLM-789208,OFF-6293,PR-NY-502541,INVESTIGATED_BY,0.8665,0.7602,08/01/2015,07/01/2015,08/01/2015,1,1
CLM-498759,OFF-1935,PR-VA-538441,INVESTIGATED_BY,0.6394,0.5349,07/01/2015,09/01/2015,07/01/2015,1,1
CLM-430794,OFF-4774,PR-OH-787278,INVESTIGATED_BY,0.5482,0.4623,01/01/2015,05/01/2015,01/01/2015,2,1
CLM-156636,OFF-2925,PR-SC-362148,INVESTIGATED_BY,0.346,0.3232,02/01/2015,03/01/2015,02/01/2015,1,1
CLM-445289,OFF-1959,PR-NY-459599,INVESTIGATED_BY,0.7793,0.702,06/01/2015,02/01/2015,06/01/2015,2,1
CLM-599262,OFF-1096,PR-NC-597999,INVESTIGATED_BY,0.631,0.5085,01/01/2015,09/01/2015,01/01/2015,1,1
CLM-357949,OFF-6650,PR-SC-372927,INVESTIGATED_BY,0.8117,0.7635,05/01/2015,02/01/2015,05/01/2015,2,1
CLM-493161,OFF-8311,PR-WV-681813,INVESTIGATED_BY,0.8516,0.8086,04/01/2015,09/01/2015,04/01/2015,2,1
CLM-231127,OFF-1143,PR-SC-497286,INVESTIGATED_BY,0.3956,0.3493,05/01/2015,01/01/2015,05/01/2015,1,1
CLM-491484,OFF-9716,PR-NY-799559,INVESTIGATED_BY,0.7356,0.5967,01/01/2015,02/01/2015,01/01/2015,2,1
CLM-925128,OFF-9635,PR-NY-269733,INVESTIGATED_BY,0.8379,0.8248,02/01/2015,09/01/2015,02/01/2015,1,1
CLM-116735,OFF-6823,PR-WV-478782,INVESTIGATED_BY,0.3093,0.2849,01/01/2015,08/01/2015,01/01/2015,2,1
CLM-445694,OFF-2093,PR-WV-100553,INVESTIGATED_BY,0.3001,0.2748,03/01/2015,05/01/2015,03/01/2015,1,1
CLM-168260,OFF-5998,PR-NY-511640,INVESTIGATED_BY,0.3464,0.3211,07/01/2015,08/01/2015,07/01/2015,1,1
CLM-538955,OFF-2128,PR-WV-185519,INVESTIGATED_BY,0.6145,0.5289,06/01/2015,03/01/2015,06/01/2015,2,1
CLM-582480,OFF-7291,PR-NY-699753,INVESTIGATED_BY,0.5008,0.4648,06/01/2015,02/01/2015,06/01/2015,1,1
CLM-345539,OFF-6377,PR-NY-501883,INVESTIGATED_BY,0.8079,0.7322,08/01/2015,04/01/2015,08/01/2015,1,1
CLM-924318,OFF-7963,PR-WV-209481,INVESTIGATED_BY,0.6561,0.62,07/01/2015,02/01/2015,07/01/2015,1,1
CLM-726880,OFF-9314,PR-SC-869417,INVESTIGATED_BY,0.8559,0.6862,05/01/2015,02/01/2015,05/01/2015,1,1
CLM-190588,OFF-9384,PR-SC-398418,INVESTIGATED_BY,0.3318,0.3121,08/01/2015,03/01/2015,08/01/2015,2,1
CLM-246705,OFF-8016,PR-NC-638699,INVESTIGATED_BY,0.8493,0.7551,06/01/2015,07/01/2015,06/01/2015,1,1
CLM-619589,OFF-6180,PR-SC-526672,INVESTIGATED_BY,0.4879,0.4072,07/01/2015,06/01/2015,07/01/2015,1,1
CLM-164988,OFF-2514,PR-VA-494437,INVESTIGATED_BY,0.351,0.3493,07/01/2015,08/01/2015,07/01/2015,1,1
CLM-920826,OFF-1447,PR-WV-196244,INVESTIGATED_BY,0.8701,0.8311,06/01/2015,05/01/2015,06/01/2015,1,1
CLM-534982,OFF-8812,PR-SC-377025,INVESTIGATED_BY,0.4497,0.4233,08/01/2015,07/01/2015,08/01/2015,2,1
CLM-283052,OFF-8113,PR-VA-655654,INVESTIGATED_BY,0.6255,0.6056,04/01/2015,01/01/2015,04/01/2015,2,1
CLM-382394,OFF-4558,PR-WV-854091,INVESTIGATED_BY,0.3249,0.2884,03/01/2015,04/01/2015,03/01/2015,1,1
CLM-876699,OFF-9679,PR-NY-187958,INVESTIGATED_BY,0.466,0.3846,08/01/2015,01/01/2015,08/01/2015,1,1
CLM-871432,OFF-7181,PR-WV-792322,INVESTIGATED_BY,0.5826,0.5517,08/01/2015,03/01/2015,08/01/2015,1,1
CLM-372891,OFF-9010,PR-SC-910652,INVESTIGATED_BY,0.3385,0.33,05/01/2015,04/01/2015,05/01/2015,1,1
CLM-743092,OFF-6761,PR-NC-474211,INVESTIGATED_BY,0.6343,0.5744,02/01/2015,02/01/2015,02/01/2015,2,1
CLM-421092,OFF-6134,PR-SC-429791,INVESTIGATED_BY,0.8121,0.6534,01/01/2015,03/01/2015,01/01/2015,1,1
CLM-349658,OFF-8133,PR-VA-869900,INVESTIGATED_BY,0.8963,0.895,06/01/2015,02/01/2015,06/01/2015,1,1
CLM-505316,OFF-1889,PR-VA-338472,INVESTIGATED_BY,0.3195,0.2607,01/01/2015,08/01/2015,01/01/2015,2,1
CLM-116645,OFF-7340,PR-OH-584643,INVESTIGATED_BY,0.4817,0.4611,07/01/2015,09/01/2015,07/01/2015,2,1
CLM-788502,OFF-1085,PR-SC-726387,INVESTIGATED_BY,0.3316,0.2865,09/01/2015,02/01/2015,09/01/2015,2,1
CLM-550294,OFF-6225,PR-SC-968085,INVESTIGATED_BY,0.8365,0.7596,06/01/2015,08/01/2015,06/01/2015,2,1
CLM-540152,OFF-8030,PR-SC-990360,INVESTIGATED_BY,0.7478,0.6935,01/01/2015,01/01/2015,01/01/2015,2,1
CLM-618682,OFF-2966,PR-WV-849734,INVESTIGATED_BY,0.8536,0.723,03/01/2015,05/01/2015,03/01/2015,1,1
CLM-550930,OFF-6143,PR-NC-489018,INVESTIGATED_BY,0.7246,0.6861,04/01/2015,03/01/2015,04/01/2015,2,1
CLM-998192,OFF-3426,PR-WV-823214,INVESTIGATED_BY,0.6433,0.5404,04/01/2015,04/01/2015,04/01/2015,1,1
CLM-663938,OFF-4667,PR-WV-651525,INVESTIGATED_BY,0.4968,0.4052,01/01/2015,03/01/2015,01/01/2015,2,1
CLM-756870,OFF-7765,PR-WV-285118,INVESTIGATED_BY,0.8802,0.8483,05/01/2015,08/01/2015,05/01/2015,1,1
CLM-919875,OFF-2700,PR-NY-708540,INVESTIGATED_BY,0.8366,0.8321,07/01/2015,06/01/2015,07/01/2015,1,1
CLM-315631,OFF-4633,PR-NY-529236,INVESTIGATED_BY,0.8526,0.7024,03/01/2015,09/01/2015,03/01/2015,1,1
CLM-113464,OFF-4361,PR-VA-461513,INVESTIGATED_BY,0.6763,0.6057,02/01/2015,09/01/2015,02/01/2015,2,1
CLM-556415,OFF-4904,PR-WV-800549,INVESTIGATED_BY,0.3349,0.2906,05/01/2015,09/01/2015,05/01/2015,1,1
CLM-250249,OFF-6189,PR-SC-778479,INVESTIGATED_BY,0.8785,0.8754,08/01/2015,02/01/2015,08/01/2015,1,1
CLM-403776,OFF-6577,PR-SC-882237,INVESTIGATED_BY,0.5892,0.5032,01/01/2015,02/01/2015,01/01/2015,2,1
CLM-976908,OFF-9778,PR-SC-681104,INVESTIGATED_BY,0.6603,0.6067,07/01/2015,09/01/2015,07/01/2015,1,1
CLM-485295,OFF-7572,PR-SC-689713,INVESTIGATED_BY,0.4143,0.3543,02/01/2015,06/01/2015,02/01/2015,1,1
CLM-361829,OFF-9964,PR-NY-175650,INVESTIGATED_BY,0.8332,0.787,07/01/2015,03/01/2015,07/01/2015,2,1
CLM-603632,OFF-8361,PR-NY-260272,INVESTIGATED_BY,0.8174,0.6942,06/01/2015,01/01/2015,06/01/2015,2,1
CLM-439049,OFF-5455,PR-SC-164417,INVESTIGATED_BY,0.778,0.7523,04/01/2015,07/01/2015,04/01/2015,1,1
CLM-378588,OFF-8754,PR-SC-935921,INVESTIGATED_BY,0.8887,0.7993,08/01/2015,04/01/2015,08/01/2015,1,1
CLM-794731,OFF-5717,PR-WV-358441,INVESTIGATED_BY,0.5966,0.5423,04/01/2015,01/01/2015,04/01/2015,2,1
CLM-113516,OFF-8795,PR-NC-882234,INVESTIGATED_BY,0.5908,0.5258,01/01/2015,05/01/2015,01/01/2015,1,1
CLM-425631,OFF-8562,PR-NC-443395,INVESTIGATED_BY,0.5622,0.531,06/01/2015,02/01/2015,06/01/2015,1,1
CLM-512894,OFF-1308,PR-NY-569307,INVESTIGATED_BY,0.3298,0.2664,04/01/2015,07/01/2015,04/01/2015,1,1
CLM-290162,OFF-2012,PR-WV-704197,INVESTIGATED_BY,0.4964,0.4616,05/01/2015,06/01/2015,05/01/2015,1,1
CLM-106186,OFF-6039,PR-WV-194218,INVESTIGATED_BY,0.8477,0.7827,03/01/2015,03/01/2015,03/01/2015,1,1
CLM-311783,OFF-6317,PR-PA-745155,INVESTIGATED_BY,0.8056,0.7103,09/01/2015,08/01/2015,09/01/2015,2,1
CLM-528385,OFF-6517,PR-WV-414761,INVESTIGATED_BY,0.4994,0.413,01/01/2015,03/01/2015,01/01/2015,2,1
CLM-228403,OFF-4325,PR-SC-663279,INVESTIGATED_BY,0.3898,0.353,08/01/2015,07/01/2015,08/01/2015,1,1
CLM-209177,OFF-1577,PR-VA-268298,INVESTIGATED_BY,0.5833,0.5629,09/01/2015,02/01/2015,09/01/2015,2,1
CLM-497929,OFF-4976,PR-SC-916946,INVESTIGATED_BY,0.3049,0.3001,02/01/2015,09/01/2015,02/01/2015,1,1
CLM-735844,OFF-8233,PR-NC-403129,INVESTIGATED_BY,0.464,0.4121,07/01/2015,02/01/2015,07/01/2015,1,1
CLM-276804,OFF-4683,PR-PA-659434,INVESTIGATED_BY,0.4077,0.3485,03/01/2015,01/01/2015,03/01/2015,1,1
CLM-507545,OFF-9268,PR-NY-992737,INVESTIGATED_BY,0.5404,0.5313,04/01/2015,06/01/2015,04/01/2015,2,1
CLM-485642,OFF-2671,PR-WV-906649,INVESTIGATED_BY,0.4566,0.3884,01/01/2015,04/01/2015,01/01/2015,1,1
CLM-171183,OFF-1852,PR-NC-827696,INVESTIGATED_BY,0.3341,0.2682,07/01/2015,02/01/2015,07/01/2015,2,1
CLM-110084,OFF-6641,PR-SC-116155,INVESTIGATED_BY,0.6544,0.5386,02/01/2015,01/01/2015,02/01/2015,2,1
CLM-714784,OFF-4226,PR-WV-614218,INVESTIGATED_BY,0.4581,0.407,06/01/2015,01/01/2015,06/01/2015,2,1
CLM-143924,OFF-4146,PR-SC-209736,INVESTIGATED_BY,0.7477,0.6422,01/01/2015,02/01/2015,01/01/2015,1,1
CLM-284834,OFF-1708,PR-SC-108239,INVESTIGATED_BY,0.6001,0.5966,08/01/2015,08/01/2015,08/01/2015,1,1
CLM-830878,OFF-2997,PR-NY-660752,INVESTIGATED_BY,0.7541,0.6242,02/01/2015,03/01/2015,02/01/2015,2,1
CLM-270208,OFF-1706,PR-VA-237735,INVESTIGATED_BY,0.7682,0.7067,01/01/2015,06/01/2015,01/01/2015,2,1
CLM-407958,OFF-8991,PR-NY-978642,INVESTIGATED_BY,0.756,0.7103,07/01/2015,02/01/2015,07/01/2015,1,1
CLM-927205,OFF-5181,PR-WV-497802,INVESTIGATED_BY,0.5025,0.4534,07/01/2015,04/01/2015,07/01/2015,2,1
CLM-655356,OFF-8992,PR-NY-218666,INVESTIGATED_BY,0.4547,0.3926,02/01/2015,07/01/2015,02/01/2015,1,1
CLM-831053,OFF-4268,PR-SC-479259,INVESTIGATED_BY,0.3635,0.3219,07/01/2015,03/01/2015,07/01/2015,2,1
CLM-594988,OFF-4061,PR-SC-947721,INVESTIGATED_BY,0.6109,0.5658,01/01/2015,03/01/2015,01/01/2015,2,1
CLM-979544,OFF-5060,PR-NY-109452,INVESTIGATED_BY,0.5992,0.5172,04/01/2015,04/01/2015,04/01/2015,1,1
CLM-191891,OFF-3058,PR-SC-948675,INVESTIGATED_BY,0.5994,0.5207,07/01/2015,09/01/2015,07/01/2015,1,1
CLM-831479,OFF-2009,PR-NY-929666,INVESTIGATED_BY,0.776,0.7533,08/01/2015,01/01/2015,08/01/2015,2,1
CLM-326289,OFF-2383,PR-NY-885220,INVESTIGATED_BY,0.4801,0.3985,01/01/2015,02/01/2015,01/01/2015,1,1
CLM-944537,OFF-4642,PR-WV-468129,INVESTIGATED_BY,0.6348,0.5503,06/01/2015,04/01/2015,06/01/2015,1,1
CLM-730819,OFF-3591,PR-SC-973782,INVESTIGATED_BY,0.7732,0.7405,01/01/2015,08/01/2015,01/01/2015,1,1
CLM-912665,OFF-4690,PR-NY-719624,INVESTIGATED_BY,0.5296,0.4662,05/01/2015,01/01/2015,05/01/2015,2,1
CLM-431583,OFF-6675,PR-WV-483905,INVESTIGATED_BY,0.5215,0.4354,02/01/2015,03/01/2015,02/01/2015,2,1
CLM-110143,OFF-7368,PR-WV-840626,INVESTIGATED_BY,0.6338,0.5297,02/01/2015,01/01/2015,02/01/2015,1,1
CLM-808544,OFF-2577,PR-WV-375544,INVESTIGATED_BY,0.8684,0.8002,08/01/2015,09/01/2015,08/01/2015,1,1
CLM-824728,OFF-1584,PR-VA-165239,INVESTIGATED_BY,0.6405,0.6397,08/01/2015,02/01/2015,08/01/2015,1,1
CLM-606037,OFF-8630,PR-NY-868076,INVESTIGATED_BY,0.7027,0.5849,08/01/2015,05/01/2015,08/01/2015,2,1
CLM-439844,OFF-3712,PR-NC-877064,INVESTIGATED_BY,0.8177,0.8149,07/01/2015,01/01/2015,07/01/2015,1,1
CLM-463513,OFF-2556,PR-NY-963155,INVESTIGATED_BY,0.5125,0.4531,04/01/2015,02/01/2015,04/01/2015,2,1
CLM-577858,OFF-3911,PR-SC-776946,INVESTIGATED_BY,0.5941,0.5485,02/01/2015,05/01/2015,02/01/2015,1,1
CLM-607351,OFF-1997,PR-NY-951527,INVESTIGATED_BY,0.634,0.5127,05/01/2015,07/01/2015,05/01/2015,1,1
CLM-307469,OFF-6729,PR-WV-565853,INVESTIGATED_BY,0.5409,0.5048,07/01/2015,07/01/2015,07/01/2015,1,1
CLM-526296,OFF-1069,PR-NY-682367,INVESTIGATED_BY,0.7428,0.6089,08/01/2015,02/01/2015,08/01/2015,1,1
CLM-913337,OFF-1019,PR-SC-468678,INVESTIGATED_BY,0.5288,0.5276,01/01/2015,04/01/2015,01/01/2015,2,1
CLM-488464,OFF-7562,PR-NY-980218,INVESTIGATED_BY,0.8745,0.745,07/01/2015,07/01/2015,07/01/2015,1,1
CLM-480094,OFF-4453,PR-WV-919342,INVESTIGATED_BY,0.8326,0.704,01/01/2015,01/01/2015,01/01/2015,2,1
CLM-263108,OFF-3324,PR-WV-472146,INVESTIGATED_BY,0.4576,0.3811,09/01/2015,08/01/2015,09/01/2015,2,1
CLM-674485,OFF-4231,PR-NC-376804,INVESTIGATED_BY,0.7405,0.6986,08/01/2015,08/01/2015,08/01/2015,2,1
CLM-223404,OFF-3878,PR-SC-401428,INVESTIGATED_BY,0.3548,0.3497,05/01/2015,03/01/2015,05/01/2015,1,1
CLM-804219,OFF-2869,PR-VA-628585,INVESTIGATED_BY,0.4794,0.4369,07/01/2015,08/01/2015,07/01/2015,2,1
CLM-483088,OFF-9430,PR-WV-359918,INVESTIGATED_BY,0.8901,0.8315,02/01/2015,03/01/2015,02/01/2015,1,1
CLM-941807,OFF-6080,PR-NY-858833,INVESTIGATED_BY,0.748,0.677,03/01/2015,01/01/2015,03/01/2015,2,1
CLM-593466,OFF-6840,PR-WV-749318,INVESTIGATED_BY,0.6745,0.673,03/01/2015,05/01/2015,03/01/2015,1,1
CLM-437442,OFF-5008,PR-NY-116451,INVESTIGATED_BY,0.8546,0.789,09/01/2015,06/01/2015,09/01/2015,1,1
CLM-794951,OFF-6855,PR-VA-418970,INVESTIGATED_BY,0.7595,0.7296,04/01/2015,01/01/2015,04/01/2015,1,1
CLM-730973,OFF-4798,PR-PA-506655,INVESTIGATED_BY,0.7492,0.7244,01/01/2015,09/01/2015,01/01/2015,1,1
CLM-687755,OFF-9738,PR-SC-528713,INVESTIGATED_BY,0.5962,0.5564,09/01/2015,01/01/2015,09/01/2015,2,1
CLM-998865,OFF-7666,PR-SC-147470,INVESTIGATED_BY,0.6775,0.6241,08/01/2015,07/01/2015,08/01/2015,1,1
CLM-386429,OFF-2451,PR-SC-487609,INVESTIGATED_BY,0.618,0.5426,09/01/2015,04/01/2015,09/01/2015,2,1
CLM-749325,OFF-1455,PR-SC-144984,INVESTIGATED_BY,0.3364,0.2796,09/01/2015,06/01/2015,09/01/2015,2,1
CLM-698470,OFF-1233,PR-NY-505884,INVESTIGATED_BY,0.5079,0.472,05/01/2015,04/01/2015,05/01/2015,1,1
CLM-797634,OFF-6004,PR-NY-323266,INVESTIGATED_BY,0.3262,0.2775,08/01/2015,04/01/2015,08/01/2015,1,1
CLM-238196,OFF-7168,PR-WV-667086,INVESTIGATED_BY,0.497,0.4621,08/01/2015,04/01/2015,08/01/2015,2,1
CLM-885789,OFF-1653,PR-WV-106345,INVESTIGATED_BY,0.3743,0.3548,09/01/2015,06/01/2015,09/01/2015,2,1
CLM-287436,OFF-6548,PR-SC-997783,INVESTIGATED_BY,0.563,0.4714,09/01/2015,01/01/2015,09/01/2015,1,1
CLM-469426,OFF-6621,PR-WV-538106,INVESTIGATED_BY,0.6071,0.5357,09/01/2015,02/01/2015,09/01/2015,1,1
CLM-654974,OFF-7091,PR-WV-340703,INVESTIGATED_BY,0.549,0.4865,03/01/2015,07/01/2015,03/01/2015,1,1
CLM-641845,OFF-4569,PR-WV-782710,INVESTIGATED_BY,0.7625,0.6232,05/01/2015,03/01/2015,05/01/2015,2,1
CLM-794534,OFF-8787,PR-VA-187782,INVESTIGATED_BY,0.4061,0.3433,04/01/2015,07/01/2015,04/01/2015,2,1
CLM-536052,OFF-6537,PR-VA-808986,INVESTIGATED_BY,0.6059,0.5334,08/01/2015,03/01/2015,08/01/2015,1,1
CLM-873384,OFF-8675,PR-WV-531087,INVESTIGATED_BY,0.8267,0.7436,06/01/2015,06/01/2015,06/01/2015,1,1
CLM-458829,OFF-5095,PR-SC-587237,INVESTIGATED_BY,0.8684,0.8061,07/01/2015,02/01/2015,07/01/2015,2,1
CLM-626208,OFF-4201,PR-NY-509304,INVESTIGATED_BY,0.5665,0.4591,09/01/2015,01/01/2015,09/01/2015,2,1
CLM-315041,OFF-6861,PR-SC-306258,INVESTIGATED_BY,0.476,0.4678,07/01/2015,05/01/2015,07/01/2015,2,1
CLM-283267,OFF-6786,PR-SC-520236,INVESTIGATED_BY,0.4529,0.3805,09/01/2015,05/01/2015,09/01/2015,1,1
CLM-607974,OFF-8696,PR-SC-809152,INVESTIGATED_BY,0.5466,0.5085,07/01/2015,07/01/2015,07/01/2015,1,1
CLM-465065,OFF-3865,PR-NC-194554,INVESTIGATED_BY,0.6381,0.5206,03/01/2015,02/01/2015,03/01/2015,2,1
CLM-369941,OFF-2088,PR-NY-409423,INVESTIGATED_BY,0.6029,0.5191,08/01/2015,08/01/2015,08/01/2015,1,1
CLM-447226,OFF-1641,PR-WV-224623,INVESTIGATED_BY,0.4769,0.4552,05/01/2015,04/01/2015,05/01/2015,1,1
CLM-831668,OFF-5289,PR-NY-384989,INVESTIGATED_BY,0.8245,0.6861,09/01/2015,01/01/2015,09/01/2015,1,1
CLM-922937,OFF-2807,PR-PA-825749,INVESTIGATED_BY,0.8561,0.7098,03/01/2015,06/01/2015,03/01/2015,2,1
CLM-961496,OFF-3597,PR-WV-569053,INVESTIGATED_BY,0.5672,0.4801,04/01/2015,02/01/2015,04/01/2015,2,1
CLM-804751,OFF-2940,PR-VA-156036,INVESTIGATED_BY,0.5293,0.4621,01/01/2015,06/01/2015,01/01/2015,2,1
CLM-691115,OFF-1933,PR-SC-113700,INVESTIGATED_BY,0.6234,0.5795,01/01/2015,02/01/2015,01/01/2015,1,1
CLM-713172,OFF-7886,PR-VA-569490,INVESTIGATED_BY,0.5635,0.4543,08/01/2015,04/01/2015,08/01/2015,1,1
CLM-621756,OFF-3744,PR-WV-441889,INVESTIGATED_BY,0.3064,0.2898,02/01/2015,04/01/2015,02/01/2015,1,1
CLM-947598,OFF-1870,PR-VA-438974,INVESTIGATED_BY,0.5575,0.4626,06/01/2015,03/01/2015,06/01/2015,1,1
CLM-805806,OFF-3533,PR-NY-453666,INVESTIGATED_BY,0.3467,0.307,05/01/2015,01/01/2015,05/01/2015,2,1
CLM-290971,OFF-9160,PR-SC-922138,INVESTIGATED_BY,0.4588,0.4461,08/01/2015,07/01/2015,08/01/2015,1,1
CLM-180286,OFF-3744,PR-NC-528440,INVESTIGATED_BY,0.5556,0.5395,06/01/2015,08/01/2015,06/01/2015,2,1
CLM-662088,OFF-8299,PR-WV-838062,INVESTIGATED_BY,0.6461,0.5992,06/01/2015,04/01/2015,06/01/2015,2,1
CLM-178081,OFF-6618,PR-WV-594017,INVESTIGATED_BY,0.3925,0.3169,01/01/2015,01/01/2015,01/01/2015,2,1
CLM-990624,OFF-2701,PR-WV-959454,INVESTIGATED_BY,0.8591,0.8246,02/01/2015,03/01/2015,02/01/2015,2,1
CLM-892148,OFF-3250,PR-SC-976482,INVESTIGATED_BY,0.6576,0.536,04/01/2015,05/01/2015,04/01/2015,2,1
CLM-230223,OFF-1471,PR-WV-893567,INVESTIGATED_BY,0.6903,0.6357,04/01/2015,01/01/2015,04/01/2015,1,1
CLM-769602,OFF-3191,PR-NY-651594,INVESTIGATED_BY,0.5805,0.4686,07/01/2015,08/01/2015,07/01/2015,1,1
CLM-420815,OFF-7667,PR-SC-265227,INVESTIGATED_BY,0.5467,0.5365,08/01/2015,05/01/2015,08/01/2015,2,1
CLM-608039,OFF-8170,PR-NY-659297,INVESTIGATED_BY,0.3629,0.2964,03/01/2015,02/01/2015,03/01/2015,2,1
CLM-786432,OFF-1637,PR-NY-654532,INVESTIGATED_BY,0.3284,0.2658,02/01/2015,04/01/2015,02/01/2015,1,1
CLM-445195,OFF-9034,PR-VA-802214,INVESTIGATED_BY,0.4509,0.3703,02/01/2015,06/01/2015,02/01/2015,2,1
CLM-938634,OFF-3399,PR-WV-413427,INVESTIGATED_BY,0.8193,0.7197,06/01/2015,07/01/2015,06/01/2015,1,1
CLM-482495,OFF-4330,PR-WV-700846,INVESTIGATED_BY,0.7701,0.7446,07/01/2015,07/01/2015,07/01/2015,1,1
CLM-327488,OFF-2819,PR-NY-726309,INVESTIGATED_BY,0.4935,0.4533,08/01/2015,06/01/2015,08/01/2015,2,1
CLM-715202,OFF-1283,PR-NY-620501,INVESTIGATED_BY,0.3176,0.2746,09/01/2015,04/01/2015,09/01/2015,2,1
CLM-648852,OFF-9591,PR-SC-313911,INVESTIGATED_BY,0.5966,0.5178,02/01/2015,04/01/2015,02/01/2015,2,1
CLM-984456,OFF-4464,PR-SC-485493,INVESTIGATED_BY,0.3083,0.2658,05/01/2015,01/01/2015,05/01/2015,1,1
CLM-786103,OFF-8987,PR-SC-145245,INVESTIGATED_BY,0.7127,0.6728,01/01/2015,04/01/2015,01/01/2015,2,1
CLM-684193,OFF-1498,PR-VA-293034,INVESTIGATED_BY,0.8224,0.6643,09/01/2015,07/01/2015,09/01/2015,1,1
CLM-259792,OFF-4065,PR-VA-544807,INVESTIGATED_BY,0.5087,0.4167,03/01/2015,04/01/2015,03/01/2015,2,1
CLM-185124,OFF-4821,PR-SC-604072,INVESTIGATED_BY,0.8769,0.8567,09/01/2015,09/01/2015,09/01/2015,1,1
CLM-389525,OFF-4975,PR-NY-907370,INVESTIGATED_BY,0.7262,0.7072,03/01/2015,06/01/2015,03/01/2015,1,1
CLM-179538,OFF-4425,PR-WV-178312,INVESTIGATED_BY,0.6221,0.604,05/01/2015,08/01/2015,05/01/2015,2,1
CLM-265437,OFF-1195,PR-WV-488911,INVESTIGATED_BY,0.3036,0.2508,07/01/2015,05/01/2015,07/01/2015,1,1
CLM-266247,OFF-3603,PR-WV-312340,INVESTIGATED_BY,0.8395,0.795,05/01/2015,04/01/2015,05/01/2015,2,1
CLM-488724,OFF-9576,PR-NC-617849,INVESTIGATED_BY,0.8476,0.7613,02/01/2015,04/01/2015,02/01/2015,2,1
CLM-192524,OFF-1205,PR-WV-289761,INVESTIGATED_BY,0.6322,0.5435,04/01/2015,02/01/2015,04/01/2015,2,1
CLM-865607,OFF-3987,PR-WV-306669,INVESTIGATED_BY,0.4074,0.3878,08/01/2015,06/01/2015,08/01/2015,2,1
CLM-963285,OFF-9235,PR-NC-595942,INVESTIGATED_BY,0.4704,0.4413,02/01/2015,09/01/2015,02/01/2015,1,1
CLM-440616,OFF-8928,PR-WV-760615,INVESTIGATED_BY,0.5206,0.5002,07/01/2015,01/01/2015,07/01/2015,2,1
CLM-463237,OFF-2221,PR-NY-418470,INVESTIGATED_BY,0.5739,0.4596,06/01/2015,01/01/2015,06/01/2015,2,1
CLM-920554,OFF-8147,PR-SC-945602,INVESTIGATED_BY,0.3616,0.3361,01/01/2015,01/01/2015,01/01/2015,1,1
CLM-594783,OFF-7645,PR-OH-803609,INVESTIGATED_BY,0.6751,0.5645,05/01/2015,09/01/2015,05/01/2015,2,1
CLM-725330,OFF-7193,PR-VA-201901,INVESTIGATED_BY,0.8526,0.8038,03/01/2015,05/01/2015,03/01/2015,2,1
CLM-979336,OFF-4706,PR-NY-843025,INVESTIGATED_BY,0.5893,0.5115,04/01/2015,02/01/2015,04/01/2015,1,1
CLM-272330,OFF-9405,PR-WV-609896,INVESTIGATED_BY,0.3274,0.3061,02/01/2015,07/01/2015,02/01/2015,1,1
CLM-728025,OFF-3642,PR-NY-205586,INVESTIGATED_BY,0.5567,0.5089,06/01/2015,03/01/2015,06/01/2015,2,1
CLM-804608,OFF-9306,PR-NC-978455,INVESTIGATED_BY,0.3787,0.3737,07/01/2015,07/01/2015,07/01/2015,2,1
CLM-718829,OFF-3941,PR-NY-771488,INVESTIGATED_BY,0.3554,0.3169,04/01/2015,08/01/2015,04/01/2015,2,1
CLM-331170,OFF-5986,PR-SC-302547,INVESTIGATED_BY,0.7357,0.7255,08/01/2015,06/01/2015,08/01/2015,1,1
CLM-753056,OFF-5594,PR-NY-194559,INVESTIGATED_BY,0.779,0.654,09/01/2015,01/01/2015,09/01/2015,2,1
CLM-379268,OFF-1408,PR-NC-808148,INVESTIGATED_BY,0.4061,0.3654,02/01/2015,02/01/2015,02/01/2015,2,1
CLM-798579,OFF-2741,PR-SC-337861,INVESTIGATED_BY,0.7558,0.7495,04/01/2015,05/01/2015,04/01/2015,1,1
CLM-250833,OFF-8845,PR-NY-351792,INVESTIGATED_BY,0.4796,0.3988,02/01/2015,07/01/2015,02/01/2015,2,1
CLM-871305,OFF-2352,PR-NY-827426,INVESTIGATED_BY,0.8185,0.7222,02/01/2015,09/01/2015,02/01/2015,2,1
CLM-485813,OFF-9873,PR-VA-939131,INVESTIGATED_BY,0.4554,0.4005,06/01/2015,04/01/2015,06/01/2015,2,1
CLM-907113,OFF-5959,PR-VA-190644,INVESTIGATED_BY,0.3064,0.2954,02/01/2015,02/01/2015,02/01/2015,2,1
CLM-521592,OFF-2190,PR-SC-112167,INVESTIGATED_BY,0.6811,0.6676,09/01/2015,05/01/2015,09/01/2015,2,1
CLM-254837,OFF-8214,PR-SC-613603,INVESTIGATED_BY,0.7773,0.7104,02/01/2015,07/01/2015,02/01/2015,2,1
CLM-634499,OFF-7442,PR-WV-940616,INVESTIGATED_BY,0.3664,0.3009,04/01/2015,06/01/2015,04/01/2015,1,1
CLM-574707,OFF-8205,PR-SC-121439,INVESTIGATED_BY,0.3951,0.3753,07/01/2015,01/01/2015,07/01/2015,2,1
CLM-149601,OFF-2217,PR-NY-637259,INVESTIGATED_BY,0.8712,0.7073,01/01/2015,01/01/2015,01/01/2015,2,1
CLM-630683,OFF-7376,PR-WV-831583,INVESTIGATED_BY,0.7472,0.6773,01/01/2015,04/01/2015,01/01/2015,1,1
CLM-500639,OFF-1616,PR-NC-107518,INVESTIGATED_BY,0.6733,0.6286,05/01/2015,05/01/2015,05/01/2015,2,1
CLM-569245,OFF-4478,PR-SC-393166,INVESTIGATED_BY,0.6208,0.5899,08/01/2015,06/01/2015,08/01/2015,1,1
CLM-907012,OFF-3753,PR-NY-617187,INVESTIGATED_BY,0.4178,0.3397,01/01/2015,06/01/2015,01/01/2015,1,1
CLM-700074,OFF-8866,PR-WV-436616,INVESTIGATED_BY,0.8722,0.7183,05/01/2015,09/01/2015,05/01/2015,2,1
CLM-357394,OFF-2346,PR-NY-881195,INVESTIGATED_BY,0.5783,0.5199,07/01/2015,05/01/2015,07/01/2015,2,1
CLM-596914,OFF-5830,PR-WV-592730,INVESTIGATED_BY,0.8838,0.7448,05/01/2015,07/01/2015,05/01/2015,2,1
CLM-684653,OFF-7998,PR-SC-909384,INVESTIGATED_BY,0.7711,0.7577,05/01/2015,05/01/2015,05/01/2015,1,1
CLM-797636,OFF-8445,PR-VA-868694,INVESTIGATED_BY,0.3326,0.2661,05/01/2015,03/01/2015,05/01/2015,1,1
CLM-620075,OFF-8869,PR-SC-660161,INVESTIGATED_BY,0.6143,0.5095,01/01/2015,01/01/2015,01/01/2015,2,1
CLM-965187,OFF-9595,PR-SC-608780,INVESTIGATED_BY,0.6457,0.5209,06/01/2015,02/01/2015,06/01/2015,1,1
CLM-728839,OFF-5160,PR-SC-489608,INVESTIGATED_BY,0.4023,0.3236,09/01/2015,09/01/2015,09/01/2015,2,1
CLM-771509,OFF-9667,PR-WV-663540,INVESTIGATED_BY,0.7622,0.6509,02/01/2015,02/01/2015,02/01/2015,1,1
CLM-264221,OFF-9719,PR-NY-110211,INVESTIGATED_BY,0.5072,0.4207,06/01/2015,01/01/2015,06/01/2015,2,1
CLM-602704,OFF-3994,PR-VA-676489,INVESTIGATED_BY,0.6504,0.5799,02/01/2015,03/01/2015,02/01/2015,2,1
CLM-672416,OFF-3106,PR-SC-543748,INVESTIGATED_BY,0.4606,0.4072,04/01/2015,04/01/2015,04/01/2015,2,1
CLM-545506,OFF-6428,PR-VA-490578,INVESTIGATED_BY,0.4719,0.452,05/01/2015,03/01/2015,05/01/2015,1,1
CLM-777533,OFF-3639,PR-NY-412106,INVESTIGATED_BY,0.5792,0.4918,03/01/2015,01/01/2015,03/01/2015,1,1
CLM-953334,OFF-8234,PR-NY-267870,INVESTIGATED_BY,0.827,0.7992,08/01/2015,02/01/2015,08/01/2015,2,1
CLM-990998,OFF-6460,PR-NY-109316,INVESTIGATED_BY,0.5346,0.4968,09/01/2015,07/01/2015,09/01/2015,2,1
CLM-331683,OFF-7027,PR-WV-552766,INVESTIGATED_BY,0.7407,0.7056,02/01/2015,06/01/2015,02/01/2015,2,1
CLM-364055,OFF-1142,PR-WV-215564,INVESTIGATED_BY,0.62,0.5473,02/01/2015,02/01/2015,02/01/2015,1,1
CLM-521854,OFF-5178,PR-SC-334924,INVESTIGATED_BY,0.8163,0.6759,03/01/2015,09/01/2015,03/01/2015,1,1
CLM-898519,OFF-4363,PR-SC-908262,INVESTIGATED_BY,0.3176,0.2815,07/01/2015,09/01/2015,07/01/2015,1,1
CLM-957816,OFF-2575,PR-SC-167423,INVESTIGATED_BY,0.4058,0.3803,09/01/2015,01/01/2015,09/01/2015,2,1
CLM-175960,OFF-6533,PR-NY-188065,INVESTIGATED_BY,0.7645,0.6661,01/01/2015,07/01/2015,01/01/2015,1,1
CLM-489618,OFF-6503,PR-NY-734422,INVESTIGATED_BY,0.5053,0.4899,01/01/2015,01/01/2015,01/01/2015,2,1
CLM-717044,OFF-3625,PR-WV-982671,INVESTIGATED_BY,0.543,0.5401,09/01/2015,02/01/2015,09/01/2015,1,1
CLM-101421,OFF-6939,PR-SC-370888,INVESTIGATED_BY,0.3774,0.3234,07/01/2015,08/01/2015,07/01/2015,2,1
CLM-793948,OFF-6592,PR-WV-756777,INVESTIGATED_BY,0.6193,0.6055,01/01/2015,06/01/2015,01/01/2015,1,1
CLM-737483,OFF-6090,PR-SC-325464,INVESTIGATED_BY,0.549,0.513,07/01/2015,01/01/2015,07/01/2015,1,1
CLM-167466,OFF-9698,PR-NY-739132,INVESTIGATED_BY,0.7458,0.6359,09/01/2015,08/01/2015,09/01/2015,1,1
CLM-664732,OFF-2644,PR-SC-808090,INVESTIGATED_BY,0.8158,0.666,02/01/2015,06/01/2015,02/01/2015,2,1
CLM-143038,OFF-4100,PR-OH-585820,INVESTIGATED_BY,0.6238,0.5503,05/01/2015,02/01/2015,05/01/2015,2,1
CLM-979963,OFF-4608,PR-NY-618583,INVESTIGATED_BY,0.3892,0.3236,05/01/2015,03/01/2015,05/01/2015,1,1
CLM-219028,OFF-3774,PR-NY-924989,INVESTIGATED_BY,0.5945,0.5201,02/01/2015,07/01/2015,02/01/2015,1,1
CLM-130156,OFF-9795,PR-WV-698045,INVESTIGATED_BY,0.6949,0.6356,07/01/2015,08/01/2015,07/01/2015,2,1
CLM-762951,OFF-3806,PR-NC-912523,INVESTIGATED_BY,0.7753,0.6749,07/01/2015,08/01/2015,07/01/2015,1,1
CLM-599031,OFF-9304,PR-WV-223000,INVESTIGATED_BY,0.8099,0.7641,07/01/2015,06/01/2015,07/01/2015,1,1
CLM-676255,OFF-8523,PR-NY-820478,INVESTIGATED_BY,0.825,0.8221,02/01/2015,01/01/2015,02/01/2015,1,1
CLM-884180,OFF-5750,PR-NC-932467,INVESTIGATED_BY,0.401,0.3973,02/01/2015,05/01/2015,02/01/2015,2,1
CLM-815883,OFF-9378,PR-VA-607332,INVESTIGATED_BY,0.3284,0.298,08/01/2015,07/01/2015,08/01/2015,1,1
CLM-180008,OFF-8887,PR-WV-678002,INVESTIGATED_BY,0.6923,0.6229,08/01/2015,02/01/2015,08/01/2015,2,1
CLM-633375,OFF-7213,PR-NC-578218,INVESTIGATED_BY,0.731,0.6373,03/01/2015,07/01/2015,03/01/2015,2,1
CLM-556538,OFF-3607,PR-SC-474311,INVESTIGATED_BY,0.5746,0.5332,05/01/2015,03/01/2015,05/01/2015,1,1
CLM-963761,OFF-1567,PR-SC-225734,INVESTIGATED_BY,0.4359,0.3976,03/01/2015,03/01/2015,03/01/2015,1,1
CLM-698589,OFF-8673,PR-SC-245132,INVESTIGATED_BY,0.523,0.5149,01/01/2015,09/01/2015,01/01/2015,2,1
CLM-231508,OFF-8041,PR-WV-674635,INVESTIGATED_BY,0.5022,0.4584,07/01/2015,05/01/2015,07/01/2015,1,1
CLM-305758,OFF-9006,PR-NY-715676,INVESTIGATED_BY,0.511,0.4843,08/01/2015,04/01/2015,08/01/2015,2,1
CLM-175553,OFF-1859,PR-VA-591537,INVESTIGATED_BY,0.8297,0.6736,01/01/2015,07/01/2015,01/01/2015,2,1
CLM-439341,OFF-6820,PR-VA-867938,INVESTIGATED_BY,0.3634,0.3433,09/01/2015,06/01/2015,09/01/2015,2,1
CLM-221186,OFF-5951,PR-SC-631364,INVESTIGATED_BY,0.3739,0.3495,01/01/2015,07/01/2015,01/01/2015,1,1
CLM-868031,OFF-8591,PR-WV-361481,INVESTIGATED_BY,0.5629,0.5496,06/01/2015,09/01/2015,06/01/2015,1,1
CLM-844117,OFF-1815,PR-WV-251959,INVESTIGATED_BY,0.5273,0.4391,09/01/2015,09/01/2015,09/01/2015,2,1
CLM-159536,OFF-9595,PR-PA-511271,INVESTIGATED_BY,0.3461,0.3315,06/01/2015,08/01/2015,06/01/2015,1,1
CLM-727109,OFF-2793,PR-WV-344564,INVESTIGATED_BY,0.7232,0.6551,09/01/2015,03/01/2015,09/01/2015,2,1
CLM-155604,OFF-5082,PR-NC-902174,INVESTIGATED_BY,0.391,0.3742,03/01/2015,01/01/2015,03/01/2015,1,1
CLM-117862,OFF-1339,PR-NY-840827,INVESTIGATED_BY,0.6435,0.6328,05/01/2015,03/01/2015,05/01/2015,2,1
CLM-991553,OFF-6563,PR-SC-754840,INVESTIGATED_BY,0.8256,0.7864,01/01/2015,01/01/2015,01/01/2015,1,1
CLM-420948,OFF-3855,PR-NY-572382,INVESTIGATED_BY,0.881,0.7136,05/01/2015,05/01/2015,05/01/2015,1,1
CLM-457188,OFF-3832,PR-NY-493241,INVESTIGATED_BY,0.625,0.6078,08/01/2015,09/01/2015,08/01/2015,1,1
CLM-118236,OFF-3059,PR-WV-662221,INVESTIGATED_BY,0.5379,0.4733,08/01/2015,08/01/2015,08/01/2015,1,1
CLM-524215,OFF-1575,PR-SC-334795,INVESTIGATED_BY,0.8241,0.8144,06/01/2015,02/01/2015,06/01/2015,1,1
CLM-752504,OFF-3882,PR-NY-177445,INVESTIGATED_BY,0.4157,0.3931,08/01/2015,01/01/2015,08/01/2015,2,1
CLM-449263,OFF-8982,PR-NY-588357,INVESTIGATED_BY,0.8135,0.6541,03/01/2015,04/01/2015,03/01/2015,1,1
CLM-844007,OFF-8336,PR-VA-561642,INVESTIGATED_BY,0.3326,0.3099,05/01/2015,07/01/2015,05/01/2015,1,1
CLM-607687,OFF-5118,PR-PA-854198,INVESTIGATED_BY,0.7683,0.711,01/01/2015,06/01/2015,01/01/2015,2,1
CLM-967713,OFF-1116,PR-NC-460895,INVESTIGATED_BY,0.4461,0.4458,01/01/2015,04/01/2015,01/01/2015,2,1
CLM-291902,OFF-9599,PR-NY-789052,INVESTIGATED_BY,0.817,0.7521,04/01/2015,05/01/2015,04/01/2015,2,1
CLM-149839,OFF-3600,PR-VA-498094,INVESTIGATED_BY,0.6081,0.5467,01/01/2015,08/01/2015,01/01/2015,1,1
CLM-840225,OFF-3708,PR-WV-301050,INVESTIGATED_BY,0.4128,0.3884,04/01/2015,07/01/2015,04/01/2015,2,1
CLM-643226,OFF-7910,PR-NY-356924,INVESTIGATED_BY,0.3866,0.3321,02/01/2015,05/01/2015,02/01/2015,1,1
CLM-535879,OFF-7043,PR-VA-920580,INVESTIGATED_BY,0.3364,0.3212,06/01/2015,02/01/2015,06/01/2015,1,1
CLM-746630,OFF-3943,PR-NY-199597,INVESTIGATED_BY,0.3889,0.3288,02/01/2015,05/01/2015,02/01/2015,2,1
CLM-598308,OFF-9796,PR-SC-523404,INVESTIGATED_BY,0.4957,0.4735,09/01/2015,05/01/2015,09/01/2015,2,1
CLM-724752,OFF-2183,PR-NY-779873,INVESTIGATED_BY,0.4655,0.4632,07/01/2015,03/01/2015,07/01/2015,2,1
CLM-281388,OFF-6378,PR-SC-829282,INVESTIGATED_BY,0.3276,0.3009,02/01/2015,08/01/2015,02/01/2015,2,1
CLM-231548,OFF-2038,PR-WV-989197,INVESTIGATED_BY,0.6297,0.5427,08/01/2015,02/01/2015,08/01/2015,2,1
CLM-531160,OFF-9179,PR-WV-202197,INVESTIGATED_BY,0.8671,0.8115,06/01/2015,08/01/2015,06/01/2015,2,1
CLM-193213,OFF-4673,PR-WV-607055,INVESTIGATED_BY,0.3118,0.2822,09/01/2015,05/01/2015,09/01/2015,2,1
CLM-125591,OFF-8051,PR-NC-412880,INVESTIGATED_BY,0.6687,0.6618,07/01/2015,06/01/2015,07/01/2015,2,1
CLM-354455,OFF-8193,PR-WV-409222,INVESTIGATED_BY,0.311,0.3057,03/01/2015,04/01/2015,03/01/2015,2,1
CLM-433663,OFF-7065,PR-SC-550331,INVESTIGATED_BY,0.5635,0.5289,03/01/2015,02/01/2015,03/01/2015,1,1
CLM-645723,OFF-7308,PR-VA-554565,INVESTIGATED_BY,0.7805,0.7386,05/01/2015,05/01/2015,05/01/2015,1,1
CLM-573572,OFF-1389,PR-NY-521727,INVESTIGATED_BY,0.5779,0.5638,05/01/2015,06/01/2015,05/01/2015,1,1
CLM-437960,OFF-4235,PR-VA-423031,INVESTIGATED_BY,0.4226,0.3426,08/01/2015,06/01/2015,08/01/2015,1,1
CLM-649800,OFF-9789,PR-VA-889162,INVESTIGATED_BY,0.8752,0.8747,07/01/2015,06/01/2015,07/01/2015,2,1
CLM-544225,OFF-6279,PR-WV-729805,INVESTIGATED_BY,0.6897,0.6756,05/01/2015,01/01/2015,05/01/2015,1,1
CLM-390256,OFF-2491,PR-WV-703976,INVESTIGATED_BY,0.6353,0.6281,02/01/2015,09/01/2015,02/01/2015,2,1
CLM-133889,OFF-5506,PR-NC-640865,INVESTIGATED_BY,0.8468,0.6994,05/01/2015,01/01/2015,05/01/2015,2,1
CLM-769475,OFF-3741,PR-NY-564307,INVESTIGATED_BY,0.7903,0.7328,06/01/2015,01/01/2015,06/01/2015,1,1
CLM-844062,OFF-3805,PR-SC-804646,INVESTIGATED_BY,0.6215,0.5922,09/01/2015,03/01/2015,09/01/2015,2,1
CLM-844129,OFF-2747,PR-SC-253140,INVESTIGATED_BY,0.4201,0.3965,04/01/2015,01/01/2015,04/01/2015,2,1
CLM-732169,OFF-4230,PR-VA-629557,INVESTIGATED_BY,0.8333,0.8189,03/01/2015,07/01/2015,03/01/2015,2,1
CLM-221854,OFF-6540,PR-NY-310464,INVESTIGATED_BY,0.8352,0.7485,06/01/2015,06/01/2015,06/01/2015,1,1
CLM-776950,OFF-8874,PR-SC-568225,INVESTIGATED_BY,0.7528,0.7207,02/01/2015,05/01/2015,02/01/2015,2,1
CLM-291006,OFF-2642,PR-SC-403820,INVESTIGATED_BY,0.8893,0.8518,01/01/2015,08/01/2015,01/01/2015,1,1
CLM-845751,OFF-1931,PR-VA-566206,INVESTIGATED_BY,0.6838,0.6572,02/01/2015,04/01/2015,02/01/2015,1,1
CLM-889764,OFF-8005,PR-WV-192725,INVESTIGATED_BY,0.5622,0.4735,01/01/2015,06/01/2015,01/01/2015,2,1
CLM-515457,OFF-7031,PR-NY-102260,INVESTIGATED_BY,0.4936,0.4712,03/01/2015,07/01/2015,03/01/2015,1,1
CLM-556270,OFF-2881,PR-NY-943740,INVESTIGATED_BY,0.4757,0.3903,07/01/2015,05/01/2015,07/01/2015,1,1
CLM-908935,OFF-4386,PR-OH-850159,INVESTIGATED_BY,0.4723,0.4529,04/01/2015,03/01/2015,04/01/2015,2,1
CLM-490514,OFF-1357,PR-NY-277356,INVESTIGATED_BY,0.8761,0.7727,04/01/2015,08/01/2015,04/01/2015,2,1
CLM-774895,OFF-3646,PR-SC-339177,INVESTIGATED_BY,0.8774,0.8121,05/01/2015,03/01/2015,05/01/2015,1,1
CLM-669809,OFF-4050,PR-WV-310074,INVESTIGATED_BY,0.811,0.7773,03/01/2015,05/01/2015,03/01/2015,2,1
CLM-182953,OFF-6336,PR-WV-129699,INVESTIGATED_BY,0.7531,0.7336,03/01/2015,04/01/2015,03/01/2015,1,1
CLM-836349,OFF-5018,PR-NC-648282,INVESTIGATED_BY,0.774,0.6226,08/01/2015,07/01/2015,08/01/2015,2,1
CLM-550127,OFF-4484,PR-SC-536106,INVESTIGATED_BY,0.4389,0.4035,08/01/2015,02/01/2015,08/01/2015,1,1
CLM-663190,OFF-2989,PR-NY-214552,INVESTIGATED_BY,0.3164,0.2811,08/01/2015,01/01/2015,08/01/2015,1,1
CLM-215278,OFF-1766,PR-OH-618402,INVESTIGATED_BY,0.3035,0.2605,01/01/2015,01/01/2015,01/01/2015,2,1
CLM-674570,OFF-7483,PR-OH-564632,INVESTIGATED_BY,0.5584,0.5566,09/01/2015,09/01/2015,09/01/2015,2,1
CLM-941851,OFF-2718,PR-NC-362642,INVESTIGATED_BY,0.4351,0.4015,06/01/2015,03/01/2015,06/01/2015,2,1
CLM-186934,OFF-1112,PR-SC-690247,INVESTIGATED_BY,0.7872,0.6557,05/01/2015,05/01/2015,05/01/2015,1,1
CLM-918516,OFF-9683,PR-NC-219128,INVESTIGATED_BY,0.8019,0.7329,03/01/2015,06/01/2015,03/01/2015,1,1
CLM-533940,OFF-4749,PR-NY-495577,INVESTIGATED_BY,0.7287,0.5926,07/01/2015,01/01/2015,07/01/2015,2,1
CLM-556080,OFF-2110,PR-WV-665687,INVESTIGATED_BY,0.3008,0.2789,09/01/2015,09/01/2015,09/01/2015,2,1
